simTime,simDelta,xPos,yPos,zPos,speed,heading,steering,gas,brake,state1,state2,state3,state4,state5,state6,eulerX,eulerY,eulerZ,rpm,gear,leftBlinker,rightBlinker
20.96583,0.016666,-89.0978,104.9477,-0.5031708,27.7806,-0.3399542,7.416,0.3379801,0,10,0,0,0,0,8.75,-0.06132075,-0.1864484,-0.3399542,1220.369,3,1,1
20.98249,0.016666,-88.89085,104.9466,-0.503186,27.77535,-0.3303188,7.416,0.3379801,0,10,0,0,0,0,8.75,-0.06321193,-0.1857721,-0.3303188,1220.341,3,1,1
20.99915,0.016666,-88.68394,104.9455,-0.5031984,27.77014,-0.3203958,7.452,0.3379801,0,10,0,0,0,0,8.75,-0.06465057,-0.1853723,-0.3203958,1219.886,3,1,1
21.01581,0.016666,-88.47707,104.9445,-0.5032077,27.76489,-0.3102187,7.56,0.3379801,0,10,0,0,0,0,8.75,-0.06562997,-0.1852413,-0.3102187,1219.805,3,1,1
21.03247,0.016666,-88.27024,104.9435,-0.5032142,27.75969,-0.2998225,7.704,0.3379801,0,10,0,0,0,0,8.75,-0.06616894,-0.1853683,-0.2998225,1219.438,3,1,1
21.04913,0.016666,-88.06345,104.9425,-0.5032177,27.75445,-0.2892414,7.848,0.3379801,0,10,0,0,0,0,8.75,-0.06631664,-0.1857374,-0.2892414,1219.324,3,1,1
21.06579,0.016666,-87.8567,104.9416,-0.5032183,27.7492,-0.2785074,8.064,0.2705907,0,10,0,0,0,0,8.75,-0.06613865,-0.18633,-0.2785074,1218.908,3,1,1
21.08245,0.016666,-87.64998,104.9407,-0.5032161,27.74383,-0.2676502,8.243999,0.2705907,0,10,0,0,0,0,8.75,-0.06570683,-0.1871423,-0.2676502,1218.531,3,1,1
21.09911,0.016666,-87.44331,104.9399,-0.5032111,27.73848,-0.2566942,8.424,0.2705907,0,10,0,0,0,0,8.75,-0.06510817,-0.1881547,-0.2566942,1218.124,3,1,1
21.11577,0.016666,-87.23667,104.9391,-0.5032034,27.73309,-0.2456576,8.639999,0.2705907,0,10,0,0,0,0,8.75,-0.06443737,-0.1893439,-0.2456576,1218.198,3,1,1
21.13243,0.016666,-87.03008,104.9383,-0.5031931,27.7277,-0.2345528,8.82,0.2705907,0,10,0,0,0,0,8.75,-0.06378836,-0.1906846,-0.2345528,1218.162,3,1,1
21.14909,0.016666,-86.82352,104.9376,-0.5031804,27.72233,-0.2233861,8.964,0.2705907,0,10,0,0,0,0,8.75,-0.06325039,-0.1921496,-0.2233861,1217.599,3,1,1
21.16575,0.016666,-86.617,104.9369,-0.5031654,27.71697,-0.2121584,9.072,0.3379801,0,10,0,0,0,0,8.75,-0.06290276,-0.193711,-0.2121584,1217.708,3,1,1
21.18241,0.016666,-86.41053,104.9363,-0.5031484,27.71176,-0.200865,9.144,0.3379801,0,10,0,0,0,0,8.75,-0.06281122,-0.1953274,-0.200865,1217.202,3,1,1
21.19907,0.016666,-89.0978,104.9477,-0.5031708,27.7806,-0.3399542,7.416,0.3379801,0,10,0,0,0,0,8.75,-0.06132075,-0.1864484,-0.3399542,1220.369,3,1,1
21.21573,0.016666,-88.89085,104.9466,-0.503186,27.77535,-0.3303188,7.416,0.3379801,0,10,0,0,0,0,8.75,-0.06321193,-0.1857721,-0.3303188,1220.341,3,1,1
21.23239,0.016666,-88.68394,104.9455,-0.5031984,27.77014,-0.3203958,7.452,0.3379801,0,10,0,0,0,0,8.75,-0.06465057,-0.1853723,-0.3203958,1219.886,3,1,1
21.24905,0.016666,-88.47707,104.9445,-0.5032077,27.76489,-0.3102187,7.56,0.3379801,0,10,0,0,0,0,8.75,-0.06562997,-0.1852413,-0.3102187,1219.805,3,1,1
21.26571,0.016666,-88.27024,104.9435,-0.5032142,27.75969,-0.2998225,7.704,0.3379801,0,10,0,0,0,0,8.75,-0.06616894,-0.1853683,-0.2998225,1219.438,3,1,1
21.28237,0.016666,-88.06345,104.9425,-0.5032177,27.75445,-0.2892414,7.848,0.3379801,0,10,0,0,0,0,8.75,-0.06631664,-0.1857374,-0.2892414,1219.324,3,1,1
21.29903,0.016666,-87.8567,104.9416,-0.5032183,27.7492,-0.2785074,8.064,0.2705907,0,10,0,0,0,0,8.75,-0.06613865,-0.18633,-0.2785074,1218.908,3,1,1
21.31569,0.016666,-87.64998,104.9407,-0.5032161,27.74383,-0.2676502,8.243999,0.2705907,0,10,0,0,0,0,8.75,-0.06570683,-0.1871423,-0.2676502,1218.531,3,1,1
21.33235,0.016666,-87.44331,104.9399,-0.5032111,27.73848,-0.2566942,8.424,0.2705907,0,10,0,0,0,0,8.75,-0.06510817,-0.1881547,-0.2566942,1218.124,3,1,1
21.34901,0.016666,-87.23667,104.9391,-0.5032034,27.73309,-0.2456576,8.639999,0.2705907,0,10,0,0,0,0,8.75,-0.06443737,-0.1893439,-0.2456576,1218.198,3,1,1
21.36567,0.016666,-87.03008,104.9383,-0.5031931,27.7277,-0.2345528,8.82,0.2705907,0,10,0,0,0,0,8.75,-0.06378836,-0.1906846,-0.2345528,1218.162,3,1,1
21.38233,0.016666,-86.82352,104.9376,-0.5031804,27.72233,-0.2233861,8.964,0.2705907,0,10,0,0,0,0,8.75,-0.06325039,-0.1921496,-0.2233861,1217.599,3,1,1
21.39899,0.016666,-86.617,104.9369,-0.5031654,27.71697,-0.2121584,9.072,0.3379801,0,10,0,0,0,0,8.75,-0.06290276,-0.193711,-0.2121584,1217.708,3,1,1
21.41565,0.016666,-86.41053,104.9363,-0.5031484,27.71176,-0.200865,9.144,0.3379801,0,10,0,0,0,0,8.75,-0.06281122,-0.1953274,-0.200865,1217.202,3,1,1
21.43231,0.016666,-86.20409,104.9357,-0.5031297,27.70654,-0.1894977,9.179999,0.3379801,0,10,0,0,0,0,8.1,-0.06302043,-0.1969675,-0.1894977,1216.936,3,1,1
21.44897,0.016666,-85.9977,104.9352,-0.5031095,27.70133,-0.1780465,9.179999,0.3379801,0,10,0,0,0,0,8.1,-0.06355073,-0.198605,-0.1780465,1216.98,3,1,1
21.46563,0.016666,-85.79134,104.9347,-0.5030882,27.69612,-0.1664996,9.144,0.3379801,0,10,0,0,0,0,8.1,-0.0643989,-0.2002185,-0.1664996,1216.492,3,1,1
21.48229,0.016666,-85.58501,104.9342,-0.5030662,27.69092,-0.1548451,9.035999,0.3379801,0,10,0,0,0,0,8.1,-0.06554036,-0.201786,-0.1548451,1216.18,3,1,1
21.49895,0.016666,-85.37873,104.9338,-0.5030439,27.6857,-0.1430717,8.856,0.3379801,0,10,0,0,0,0,8.1,-0.06693111,-0.2032891,-0.1430717,1216.104,3,1,1
21.51561,0.016666,-85.17249,104.9334,-0.5030216,27.68052,-0.1311699,8.603999,0.3379801,0,10,0,0,0,0,8.1,-0.06851132,-0.2047069,-0.1311699,1215.574,3,1,1
21.53227,0.016666,-84.96629,104.9331,-0.5029997,27.67529,-0.1191329,8.351999,0.3379801,0,10,0,0,0,0,8.1,-0.0702101,-0.2060248,-0.1191329,1215.807,3,1,1
21.54893,0.016666,-84.76012,104.9328,-0.5029786,27.67007,-0.1069579,8.028,0.3379801,0,10,0,0,0,0,8.1,-0.07195047,-0.2072266,-0.1069579,1215.593,3,1,1
21.56559,0.016666,-84.55399,104.9326,-0.5029585,27.66487,-0.0946466,7.74,0.3379801,0,10,0,0,0,0,8.1,-0.0736501,-0.2082993,-0.0946466,1215.455,3,1,1
21.58225,0.016666,-84.3479,104.9324,-0.5029399,27.65968,-0.08220611,7.416,0.3379801,0,10,0,0,0,0,8.1,-0.07522436,-0.209234,-0.08220611,1214.891,3,1,1
21.59891,0.016666,-84.14185,104.9322,-0.502923,27.65448,-0.06964927,7.128,0.3379801,0,10,0,0,0,0,8.1,-0.07659166,-0.2100221,-0.06964927,1214.655,3,1,1
21.61557,0.016666,-83.93584,104.9321,-0.502908,27.64927,-0.05699482,6.804,0.3379801,0,10,0,0,0,0,8.1,-0.07767606,-0.210659,-0.05699482,1214.404,3,1,1
21.63223,0.016666,-83.72987,104.9321,-0.5028952,27.64408,-0.04426676,6.552,0.3379801,0,10,0,0,0,0,8.1,-0.07841223,-0.2111411,-0.04426676,1214.373,3,1,1
21.64889,0.016666,-83.52393,104.9321,-0.5028847,27.63888,-0.03149387,6.3,0.3379801,0,10,0,0,0,0,8.1,-0.07874884,-0.2114716,-0.03149387,1213.96,3,1,1
21.66555,0.016666,-83.31804,104.9321,-0.5028768,27.6337,-0.01870844,6.084,0.3379801,0,10,0,0,0,0,8.1,-0.07865237,-0.2116508,-0.01870844,1213.602,3,1,1
21.68221,0.016666,-83.11218,104.9322,-0.5028716,27.62849,-0.005945242,5.904,0.3379801,0,10,0,0,0,0,8.1,-0.07810532,-0.211683,-0.005945242,1213.672,3,1,1
21.69887,0.016666,-82.90636,104.9323,-0.5028689,27.62329,0.006759671,5.76,0.2705907,0,10,0,0,0,0,8.1,-0.07711606,-0.2115718,0.006759671,1213.073,3,1,1
21.71553,0.016666,-82.70058,104.9324,-0.5028687,27.61796,0.01936961,5.688,0.2705907,0,10,0,0,0,0,8.1,-0.07571701,-0.2113385,0.01936961,1212.692,3,1,1
21.73219,0.016666,-82.49484,104.9326,-0.5028709,27.6126,0.03184966,5.616,0.2705907,0,10,0,0,0,0,8.1,-0.07396057,-0.210996,0.03184966,1212.851,3,1,1
21.74885,0.016666,-82.28915,104.9329,-0.5028753,27.60726,0.04416769,5.616,0.2705907,0,10,0,0,0,0,8.1,-0.07191667,-0.2105557,0.04416769,1212.397,3,1,1
21.76551,0.016666,-82.08349,104.9332,-0.5028818,27.60192,0.0562957,5.616,0.2705907,0,10,0,0,0,0,8.1,-0.06966864,-0.2100249,0.0562957,1212.327,3,1,1
21.78217,0.016666,-81.87787,104.9335,-0.5028899,27.59658,0.06820986,5.616,0.2705907,0,10,0,0,0,0,8.1,-0.06730483,-0.2094153,0.06820986,1212.221,3,1,1
21.79883,0.016666,-81.67229,104.9338,-0.5028996,27.59123,0.07989147,5.616,0.2705907,0,10,0,0,0,0,8.1,-0.06491357,-0.2087407,0.07989147,1211.751,3,1,1
21.81549,0.016666,-81.46675,104.9342,-0.5029107,27.58589,0.09132771,5.616,0.2705907,0,10,0,0,0,0,8.1,-0.06258022,-0.2080123,0.09132771,1211.756,3,1,1
21.83215,0.016666,-81.26125,104.9347,-0.5029229,27.58055,0.1025113,5.616,0.2705907,0,10,0,0,0,0,8.1,-0.06038179,-0.2072437,0.1025113,1211.271,3,1,1
21.84881,0.016666,-81.05579,104.9352,-0.5029359,27.57523,0.1134407,5.616,0.2705907,0,10,0,0,0,0,8.1,-0.05838353,-0.2064481,0.1134407,1211.091,3,1,1
21.86547,0.016666,-80.85036,104.9357,-0.5029497,27.56987,0.1241193,5.544,0.2705907,0,10,0,0,0,0,8.1,-0.0566336,-0.2056405,0.1241193,1211.113,3,1,1
21.88213,0.016666,-80.64499,104.9362,-0.502964,27.56454,0.1345548,5.436,0.2705907,0,10,0,0,0,0,8.1,-0.05516312,-0.2048329,0.1345548,1210.625,3,1,1
21.89879,0.016666,-80.43965,104.9368,-0.5029785,27.55921,0.1447587,5.256,0.3379801,0,10,0,0,0,0,8.1,-0.05398506,-0.2040395,0.1447587,1210.431,3,1,1
21.91545,0.016666,-80.23434,104.9374,-0.502993,27.55404,0.154746,5.076,0.3379801,0,10,0,0,0,0,8.1,-0.05309794,-0.2032562,0.154746,1210.128,3,1,1
21.93211,0.016666,-80.02908,104.938,-0.5030072,27.54888,0.1645327,4.86,0.3379801,0,10,0,0,0,0,8.1,-0.05248206,-0.2024908,0.1645327,1209.896,3,1,1
21.94877,0.016666,-79.82386,104.9387,-0.5030211,27.54369,0.1741341,4.716,0.3379801,0,10,0,0,0,0,8.1,-0.05210191,-0.2017546,0.1741341,1209.875,3,1,1
21.96543,0.016666,-79.61868,104.9395,-0.5030343,27.53853,0.1835645,4.428,0.3379801,0,10,0,0,0,0,8.1,-0.05190834,-0.2010553,0.1835645,1209.606,3,1,1
21.98209,0.016666,-79.41353,104.9402,-0.5030468,27.53333,0.1928358,4.14,0.3379801,0,10,0,0,0,0,8.1,-0.05184035,-0.2004041,0.1928358,1209.481,3,1,1
21.99875,0.016666,-79.20842,104.941,-0.5030583,27.52816,0.2019567,3.816,0.2705907,0,10,0,0,0,0,8.1,-0.05183034,-0.1998069,0.2019567,1208.897,3,1,1
22.01541,0.016666,-79.00336,104.9418,-0.5030687,27.52284,0.210932,3.456,0.2705907,0,10,0,0,0,0,8.1,-0.05180577,-0.199284,0.210932,1209,3,1,1
22.03207,0.016666,-78.79832,104.9427,-0.5030781,27.5175,0.2197627,3.096,0.2705907,0,10,0,0,0,0,8.1,-0.05169604,-0.1988474,0.2197627,1208.599,3,1,1
22.04873,0.016666,-78.59334,104.9435,-0.5030864,27.51219,0.2284467,2.7,0.2705907,0,10,0,0,0,0,8.1,-0.05143923,-0.1984975,0.2284467,1208.332,3,1,1
22.06539,0.016666,-78.38839,104.9444,-0.5030934,27.50686,0.2369777,2.34,0.2705907,0,10,0,0,0,0,8.1,-0.05098303,-0.1982362,0.2369777,1208.101,3,1,1
22.08205,0.016666,-78.18348,104.9454,-0.5030992,27.50154,0.2453452,1.98,0.2705907,0,10,0,0,0,0,8.1,-0.05028656,-0.1980593,0.2453452,1207.985,3,1,1
22.09871,0.016666,-77.97861,104.9463,-0.5031036,27.49622,0.2535347,1.656,0.2705907,0,10,0,0,0,0,8.1,-0.04931915,-0.1979647,0.2535347,1207.599,3,1,1
22.11537,0.016666,-77.77378,104.9473,-0.5031067,27.49089,0.2615282,1.368,0.2705907,0,10,0,0,0,0,8.1,-0.04805829,-0.1979485,0.2615282,1207.458,3,1,1
22.13203,0.016666,-77.56899,104.9483,-0.5031082,27.48559,0.2693048,1.116,0.2705907,0,10,0,0,0,0,8.1,-0.04649354,-0.1980044,0.2693048,1206.957,3,1,1
22.14869,0.016666,-77.36424,104.9494,-0.5031083,27.48028,0.2768417,0.864,0.2705907,0,10,0,0,0,0,8.1,-0.0446269,-0.198128,0.2768417,1206.781,3,1,1
22.16535,0.016666,-77.15953,104.9504,-0.5031068,27.47495,0.2841147,0.684,0.2705907,0,10,0,0,0,0,8.1,-0.04247282,-0.1983151,0.2841147,1206.654,3,1,1
22.18201,0.016666,-76.95486,104.9515,-0.5031039,27.46965,0.2911,0.576,0.2705907,0,10,0,0,0,0,8.1,-0.04005934,-0.1985574,0.2911,1206.222,3,1,1
22.19867,0.016666,-76.75023,104.9526,-0.5030994,27.46434,0.2977749,0.504,0.2705907,0,10,0,0,0,0,8.1,-0.03742627,-0.1988489,0.2977749,1206.117,3,1,1
22.21533,0.016666,-76.54564,104.9537,-0.5030936,27.45902,0.3041185,0.432,0.2705907,0,10,0,0,0,0,8.1,-0.03462317,-0.1991837,0.3041185,1205.958,3,1,1
22.23199,0.016666,-76.34109,104.9548,-0.5030865,27.45371,0.3101131,0.432,0.2705907,0,10,0,0,0,0,8.1,-0.03170802,-0.199554,0.3101131,1205.726,3,1,1
22.24865,0.016666,-76.13657,104.956,-0.5030782,27.44841,0.3157454,0.432,0.2705907,0,10,0,0,0,0,8.1,-0.02874468,-0.1999514,0.3157454,1205.677,3,1,1
22.26531,0.016666,-75.9321,104.9571,-0.5030689,27.44309,0.3210063,0.504,0.2705907,0,10,0,0,0,0,8.1,-0.02579936,-0.2003694,0.3210063,1205.51,3,1,1
22.28197,0.016666,-75.72767,104.9583,-0.5030588,27.4378,0.325892,0.612,0.2705907,0,10,0,0,0,0,8.1,-0.02293776,-0.2008015,0.325892,1205.007,3,1,1
22.29863,0.016666,-75.52327,104.9595,-0.503048,27.43249,0.3304044,0.684,0.2705907,0,10,0,0,0,0,8.1,-0.02022363,-0.201241,0.3304044,1205.053,3,1,1
22.31529,0.016666,-75.31892,104.9607,-0.5030369,27.42718,0.3345507,0.792,0.2705907,0,10,0,0,0,0,8.1,-0.01771439,-0.2016818,0.3345507,1204.75,3,1,1
22.33195,0.016666,-86.20409,104.9357,-0.5031297,27.70654,-0.1894977,9.179999,0.3379801,0,10,0,0,0,0,8.1,-0.06302043,-0.1969675,-0.1894977,1216.936,3,1,1
22.34861,0.016666,-85.9977,104.9352,-0.5031095,27.70133,-0.1780465,9.179999,0.3379801,0,10,0,0,0,0,8.1,-0.06355073,-0.198605,-0.1780465,1216.98,3,1,1
22.36527,0.016666,-85.79134,104.9347,-0.5030882,27.69612,-0.1664996,9.144,0.3379801,0,10,0,0,0,0,8.1,-0.0643989,-0.2002185,-0.1664996,1216.492,3,1,1
22.38193,0.016666,-85.58501,104.9342,-0.5030662,27.69092,-0.1548451,9.035999,0.3379801,0,10,0,0,0,0,8.1,-0.06554036,-0.201786,-0.1548451,1216.18,3,1,1
22.39859,0.016666,-85.37873,104.9338,-0.5030439,27.6857,-0.1430717,8.856,0.3379801,0,10,0,0,0,0,8.1,-0.06693111,-0.2032891,-0.1430717,1216.104,3,1,1
22.41525,0.016666,-85.17249,104.9334,-0.5030216,27.68052,-0.1311699,8.603999,0.3379801,0,10,0,0,0,0,8.1,-0.06851132,-0.2047069,-0.1311699,1215.574,3,1,1
22.43191,0.016666,-84.96629,104.9331,-0.5029997,27.67529,-0.1191329,8.351999,0.3379801,0,10,0,0,0,0,8.1,-0.0702101,-0.2060248,-0.1191329,1215.807,3,1,1
22.44857,0.016666,-84.76012,104.9328,-0.5029786,27.67007,-0.1069579,8.028,0.3379801,0,10,0,0,0,0,8.1,-0.07195047,-0.2072266,-0.1069579,1215.593,3,1,1
22.46523,0.016666,-84.55399,104.9326,-0.5029585,27.66487,-0.0946466,7.74,0.3379801,0,10,0,0,0,0,8.1,-0.0736501,-0.2082993,-0.0946466,1215.455,3,1,1
22.48189,0.016666,-84.3479,104.9324,-0.5029399,27.65968,-0.08220611,7.416,0.3379801,0,10,0,0,0,0,8.1,-0.07522436,-0.209234,-0.08220611,1214.891,3,1,1
22.49855,0.016666,-84.14185,104.9322,-0.502923,27.65448,-0.06964927,7.128,0.3379801,0,10,0,0,0,0,8.1,-0.07659166,-0.2100221,-0.06964927,1214.655,3,1,1
22.51521,0.016666,-83.93584,104.9321,-0.502908,27.64927,-0.05699482,6.804,0.3379801,0,10,0,0,0,0,8.1,-0.07767606,-0.210659,-0.05699482,1214.404,3,1,1
22.53187,0.016666,-83.72987,104.9321,-0.5028952,27.64408,-0.04426676,6.552,0.3379801,0,10,0,0,0,0,8.1,-0.07841223,-0.2111411,-0.04426676,1214.373,3,1,1
22.54853,0.016666,-83.52393,104.9321,-0.5028847,27.63888,-0.03149387,6.3,0.3379801,0,10,0,0,0,0,8.1,-0.07874884,-0.2114716,-0.03149387,1213.96,3,1,1
22.56519,0.016666,-83.31804,104.9321,-0.5028768,27.6337,-0.01870844,6.084,0.3379801,0,10,0,0,0,0,8.1,-0.07865237,-0.2116508,-0.01870844,1213.602,3,1,1
22.58185,0.016666,-83.11218,104.9322,-0.5028716,27.62849,-0.005945242,5.904,0.3379801,0,10,0,0,0,0,8.1,-0.07810532,-0.211683,-0.005945242,1213.672,3,1,1
22.59851,0.016666,-82.90636,104.9323,-0.5028689,27.62329,0.006759671,5.76,0.2705907,0,10,0,0,0,0,8.1,-0.07711606,-0.2115718,0.006759671,1213.073,3,1,1
22.61517,0.016666,-82.70058,104.9324,-0.5028687,27.61796,0.01936961,5.688,0.2705907,0,10,0,0,0,0,8.1,-0.07571701,-0.2113385,0.01936961,1212.692,3,1,1
22.63183,0.016666,-82.49484,104.9326,-0.5028709,27.6126,0.03184966,5.616,0.2705907,0,10,0,0,0,0,8.1,-0.07396057,-0.210996,0.03184966,1212.851,3,1,1
22.64849,0.016666,-82.28915,104.9329,-0.5028753,27.60726,0.04416769,5.616,0.2705907,0,10,0,0,0,0,8.1,-0.07191667,-0.2105557,0.04416769,1212.397,3,1,1
22.66515,0.016666,-82.08349,104.9332,-0.5028818,27.60192,0.0562957,5.616,0.2705907,0,10,0,0,0,0,8.1,-0.06966864,-0.2100249,0.0562957,1212.327,3,1,1
22.68181,0.016666,-81.87787,104.9335,-0.5028899,27.59658,0.06820986,5.616,0.2705907,0,10,0,0,0,0,8.1,-0.06730483,-0.2094153,0.06820986,1212.221,3,1,1
22.69847,0.016666,-81.67229,104.9338,-0.5028996,27.59123,0.07989147,5.616,0.2705907,0,10,0,0,0,0,8.1,-0.06491357,-0.2087407,0.07989147,1211.751,3,1,1
22.71513,0.016666,-81.46675,104.9342,-0.5029107,27.58589,0.09132771,5.616,0.2705907,0,10,0,0,0,0,8.1,-0.06258022,-0.2080123,0.09132771,1211.756,3,1,1
22.73179,0.016666,-81.26125,104.9347,-0.5029229,27.58055,0.1025113,5.616,0.2705907,0,10,0,0,0,0,8.1,-0.06038179,-0.2072437,0.1025113,1211.271,3,1,1
22.74845,0.016666,-81.05579,104.9352,-0.5029359,27.57523,0.1134407,5.616,0.2705907,0,10,0,0,0,0,8.1,-0.05838353,-0.2064481,0.1134407,1211.091,3,1,1
22.76511,0.016666,-80.85036,104.9357,-0.5029497,27.56987,0.1241193,5.544,0.2705907,0,10,0,0,0,0,8.1,-0.0566336,-0.2056405,0.1241193,1211.113,3,1,1
22.78177,0.016666,-80.64499,104.9362,-0.502964,27.56454,0.1345548,5.436,0.2705907,0,10,0,0,0,0,8.1,-0.05516312,-0.2048329,0.1345548,1210.625,3,1,1
22.79843,0.016666,-80.43965,104.9368,-0.5029785,27.55921,0.1447587,5.256,0.3379801,0,10,0,0,0,0,8.1,-0.05398506,-0.2040395,0.1447587,1210.431,3,1,1
22.81509,0.016666,-80.23434,104.9374,-0.502993,27.55404,0.154746,5.076,0.3379801,0,10,0,0,0,0,8.1,-0.05309794,-0.2032562,0.154746,1210.128,3,1,1
22.83175,0.016666,-80.02908,104.938,-0.5030072,27.54888,0.1645327,4.86,0.3379801,0,10,0,0,0,0,8.1,-0.05248206,-0.2024908,0.1645327,1209.896,3,1,1
22.84841,0.016666,-79.82386,104.9387,-0.5030211,27.54369,0.1741341,4.716,0.3379801,0,10,0,0,0,0,8.1,-0.05210191,-0.2017546,0.1741341,1209.875,3,1,1
22.86507,0.016666,-79.61868,104.9395,-0.5030343,27.53853,0.1835645,4.428,0.3379801,0,10,0,0,0,0,8.1,-0.05190834,-0.2010553,0.1835645,1209.606,3,1,1
22.88173,0.016666,-79.41353,104.9402,-0.5030468,27.53333,0.1928358,4.14,0.3379801,0,10,0,0,0,0,8.1,-0.05184035,-0.2004041,0.1928358,1209.481,3,1,1
22.89839,0.016666,-79.20842,104.941,-0.5030583,27.52816,0.2019567,3.816,0.2705907,0,10,0,0,0,0,8.1,-0.05183034,-0.1998069,0.2019567,1208.897,3,1,1
22.91505,0.016666,-79.00336,104.9418,-0.5030687,27.52284,0.210932,3.456,0.2705907,0,10,0,0,0,0,8.1,-0.05180577,-0.199284,0.210932,1209,3,1,1
22.93171,0.016666,-78.79832,104.9427,-0.5030781,27.5175,0.2197627,3.096,0.2705907,0,10,0,0,0,0,8.1,-0.05169604,-0.1988474,0.2197627,1208.599,3,1,1
22.94837,0.016666,-78.59334,104.9435,-0.5030864,27.51219,0.2284467,2.7,0.2705907,0,10,0,0,0,0,8.1,-0.05143923,-0.1984975,0.2284467,1208.332,3,1,1
22.96503,0.016666,-78.38839,104.9444,-0.5030934,27.50686,0.2369777,2.34,0.2705907,0,10,0,0,0,0,8.1,-0.05098303,-0.1982362,0.2369777,1208.101,3,1,1
22.98169,0.016666,-78.18348,104.9454,-0.5030992,27.50154,0.2453452,1.98,0.2705907,0,10,0,0,0,0,8.1,-0.05028656,-0.1980593,0.2453452,1207.985,3,1,1
22.99835,0.016666,-77.97861,104.9463,-0.5031036,27.49622,0.2535347,1.656,0.2705907,0,10,0,0,0,0,8.1,-0.04931915,-0.1979647,0.2535347,1207.599,3,1,1
23.01501,0.016666,-77.77378,104.9473,-0.5031067,27.49089,0.2615282,1.368,0.2705907,0,10,0,0,0,0,8.1,-0.04805829,-0.1979485,0.2615282,1207.458,3,1,1
23.03167,0.016666,-77.56899,104.9483,-0.5031082,27.48559,0.2693048,1.116,0.2705907,0,10,0,0,0,0,8.1,-0.04649354,-0.1980044,0.2693048,1206.957,3,1,1
23.04833,0.016666,-77.36424,104.9494,-0.5031083,27.48028,0.2768417,0.864,0.2705907,0,10,0,0,0,0,8.1,-0.0446269,-0.198128,0.2768417,1206.781,3,1,1
23.06499,0.016666,-77.15953,104.9504,-0.5031068,27.47495,0.2841147,0.684,0.2705907,0,10,0,0,0,0,8.1,-0.04247282,-0.1983151,0.2841147,1206.654,3,1,1
23.08165,0.016666,-76.95486,104.9515,-0.5031039,27.46965,0.2911,0.576,0.2705907,0,10,0,0,0,0,8.1,-0.04005934,-0.1985574,0.2911,1206.222,3,1,1
23.09831,0.016666,-76.75023,104.9526,-0.5030994,27.46434,0.2977749,0.504,0.2705907,0,10,0,0,0,0,8.1,-0.03742627,-0.1988489,0.2977749,1206.117,3,1,1
23.11497,0.016666,-76.54564,104.9537,-0.5030936,27.45902,0.3041185,0.432,0.2705907,0,10,0,0,0,0,8.1,-0.03462317,-0.1991837,0.3041185,1205.958,3,1,1
23.13163,0.016666,-76.34109,104.9548,-0.5030865,27.45371,0.3101131,0.432,0.2705907,0,10,0,0,0,0,8.1,-0.03170802,-0.199554,0.3101131,1205.726,3,1,1
23.14829,0.016666,-76.13657,104.956,-0.5030782,27.44841,0.3157454,0.432,0.2705907,0,10,0,0,0,0,8.1,-0.02874468,-0.1999514,0.3157454,1205.677,3,1,1
23.16495,0.016666,-75.9321,104.9571,-0.5030689,27.44309,0.3210063,0.504,0.2705907,0,10,0,0,0,0,8.1,-0.02579936,-0.2003694,0.3210063,1205.51,3,1,1
23.18161,0.016666,-75.72767,104.9583,-0.5030588,27.4378,0.325892,0.612,0.2705907,0,10,0,0,0,0,8.1,-0.02293776,-0.2008015,0.325892,1205.007,3,1,1
23.19827,0.016666,-75.52327,104.9595,-0.503048,27.43249,0.3304044,0.684,0.2705907,0,10,0,0,0,0,8.1,-0.02022363,-0.201241,0.3304044,1205.053,3,1,1
23.21493,0.016666,-75.31892,104.9607,-0.5030369,27.42718,0.3345507,0.792,0.2705907,0,10,0,0,0,0,8.1,-0.01771439,-0.2016818,0.3345507,1204.75,3,1,1
23.23159,0.016666,-75.11461,104.9619,-0.5030255,27.42189,0.3383435,0.864,0.2705907,0,10,0,0,0,0,8.75,-0.01545893,-0.2021175,0.3383435,1204.189,3,1,1
23.24825,0.016666,-74.91033,104.9632,-0.5030142,27.41658,0.3418004,0.9359999,0.2705907,0,10,0,0,0,0,8.75,-0.01349615,-0.2025429,0.3418004,1204.338,3,1,1
23.26491,0.016666,-74.70609,104.9644,-0.5030031,27.41128,0.3449435,1.008,0.2705907,0,10,0,0,0,0,8.75,-0.01185291,-0.2029522,0.3449435,1204.186,3,1,1
23.28157,0.016666,-74.5019,104.9656,-0.5029926,27.40599,0.3477983,1.044,0.2705907,0,10,0,0,0,0,8.75,-0.01054346,-0.2033406,0.3477983,1203.964,3,1,1
23.29823,0.016666,-74.29774,104.9669,-0.5029827,27.40069,0.3503932,1.044,0.2705907,0,10,0,0,0,0,8.75,-0.009569756,-0.2037071,0.3503932,1203.686,3,1,1
23.31489,0.016666,-74.09363,104.9681,-0.5029737,27.39537,0.3527583,1.044,0.2705907,0,10,0,0,0,0,8.75,-0.008922033,-0.2040474,0.3527583,1203.456,3,1,1
23.33155,0.016666,-73.88955,104.9694,-0.5029657,27.39008,0.3549249,1.044,0.2705907,0,10,0,0,0,0,8.75,-0.008577472,-0.2043578,0.3549249,1203.089,3,1,1
23.34821,0.016666,-73.68552,104.9707,-0.5029588,27.38478,0.3569233,1.008,0.2705907,0,10,0,0,0,0,8.75,-0.008500915,-0.2046368,0.3569233,1202.721,3,1,1
23.36487,0.016666,-73.48151,104.972,-0.5029531,27.37948,0.3587833,0.9359999,0.2705907,0,10,0,0,0,0,8.75,-0.008645688,-0.2048821,0.3587833,1202.604,3,1,1
23.38153,0.016666,-73.27756,104.9733,-0.5029486,27.37419,0.3605322,0.828,0.2705907,0,10,0,0,0,0,8.75,-0.00895889,-0.205089,0.3605322,1202.028,3,1,1
23.39819,0.016666,-73.07364,104.9746,-0.5029453,27.36891,0.3621948,0.756,0.2705907,0,10,0,0,0,0,8.75,-0.009383705,-0.2052542,0.3621948,1201.832,3,1,1
23.41485,0.016666,-72.86976,104.9759,-0.5029433,27.3636,0.3637921,0.648,0.2705907,0,10,0,0,0,0,8.75,-0.009859478,-0.2053779,0.3637921,1201.978,3,1,1
23.43151,0.016666,-72.66592,104.9772,-0.5029426,27.35831,0.3653415,0.576,0.2705907,0,10,0,0,0,0,8.75,-0.01032639,-0.2054583,0.3653415,1201.474,3,1,1
23.44817,0.016666,-11.28567,105.1161,-0.5026708,22.58963,0.8240979,-0.792,0.3379801,45.74149,11,0,0,0,0,8.75,-0.0142391,-1.093413,0.8240979,975.174,3,1,1
23.46483,0.016666,-11.11774,105.1185,-0.5028217,22.4872,0.827103,-0.8999999,0.3379801,45.74149,11,0,0,0,0,8.75,-0.01270442,-1.09037,0.827103,971.1346,3,1,1
23.48149,0.016666,-10.95057,105.1209,-0.5029787,22.38492,0.829807,-1.044,0.3379801,45.74149,11,0,0,0,0,8.75,-0.01125204,-1.086255,0.829807,966.532,3,1,1
23.49815,0.016666,-10.78417,105.1233,-0.5031388,22.28101,0.8322164,-1.188,0.3379801,51.16744,11,0,0,0,0,8.75,-0.009889336,-1.081261,0.8322164,962.1628,3,1,1
23.51481,0.016666,-10.61857,105.1257,-0.5033023,22.16982,0.8343391,-1.368,0.3379801,51.16744,11,0,0,0,0,8.75,-0.008619158,-1.076386,0.8343391,956.7661,3,1,1
23.53147,0.016666,-10.4538,105.1281,-0.5034673,22.05814,0.8361837,-1.584,0.3379801,51.16744,11,0,0,0,0,8.75,-0.007439258,-1.072045,0.8361837,951.2108,3,1,1
23.54813,0.016666,-10.28987,105.1305,-0.5036313,21.94652,0.8377599,-1.836,0.3379801,51.16744,11,0,0,0,0,8.75,-0.006341347,-1.068263,0.8377599,945.9745,3,1,1
23.56479,0.016666,-10.12676,105.1329,-0.5037926,21.83497,0.8390766,-2.124,0.3379801,51.16744,11,0,0,0,0,8.75,-0.005312301,-1.065025,0.8390766,941.2602,3,1,1
23.58145,0.016666,-9.964493,105.1353,-0.5039489,21.72346,0.8401429,-2.448,0.3379801,51.16744,11,0,0,0,0,8.75,-0.004335382,-1.062323,0.8401429,937.1121,3,1,1
23.59811,0.016666,-9.803054,105.1376,-0.5040975,21.61046,0.8409663,-2.808,0.3379801,56.02816,11,0,0,0,0,8.75,-0.003391079,-1.060224,0.8409663,933.4891,3,1,1
23.61477,0.016666,-9.642485,105.14,-0.5042385,21.49074,0.8415539,-3.204,0.3379801,56.02816,11,0,0,0,0,8.75,-0.002458853,-1.059514,0.8415539,930.2608,3,1,1
23.63143,0.016666,-9.482811,105.1423,-0.5043708,21.37046,0.8419106,-3.636,0.3379801,56.02816,11,0,0,0,0,8.75,-0.001515878,-1.060446,0.8419106,927.3336,3,1,1
23.64809,0.016666,-9.324034,105.1447,-0.5044928,21.25021,0.8420391,-4.104,0.3379801,56.02816,11,0,0,0,0,8.75,-0.000537899,-1.062897,0.8420391,924.6513,3,1,1
23.66475,0.016666,-9.166152,105.147,-0.5046036,21.13002,0.8419394,-4.572,0.3379801,56.02816,11,0,0,0,0,8.75,0.00049897,-1.066698,0.8419394,922.1563,3,1,1
23.68141,0.016666,-9.009166,105.1492,-0.5047019,21.00988,0.8416088,-5.004,0.3379801,56.02816,11,0,0,0,0,8.75,0.001617304,-1.071677,0.8416088,919.7949,3,1,1
23.69807,0.016666,-8.853075,105.1515,-0.504786,20.88937,0.8410413,-5.436,0.3379801,57.83681,11,0,0,0,0,8.75,0.002844874,-1.077693,0.8410413,917.5201,3,1,1
23.71473,0.016666,-8.697891,105.1538,-0.5048556,20.76628,0.840228,-5.76,0.3379801,57.83681,11,0,0,0,0,8.75,0.004217288,-1.084873,0.840228,915.2711,3,1,1
23.73139,0.016666,-8.543627,105.156,-0.5049103,20.64299,0.8391574,-6.12,0.3379801,57.83681,11,0,0,0,0,8.75,0.005749493,-1.093184,0.8391574,913.0116,3,1,1
23.74805,0.016666,-8.39028,105.1582,-0.5049491,20.51974,0.8378147,-6.444,0.3379801,57.83681,11,0,0,0,0,8.75,0.007451008,-1.102444,0.8378147,910.7313,3,1,1
23.76471,0.016666,-8.23785,105.1604,-0.5049717,20.39658,0.8361837,-6.732,0.3379801,57.83681,11,0,0,0,0,8.75,0.009325282,-1.112453,0.8361837,908.4206,3,1,1
23.78137,0.016666,-8.086338,105.1626,-0.5049779,20.27348,0.8342463,-7.02,0.3379801,57.83681,11,0,0,0,0,8.75,0.01136489,-1.123013,0.8342463,906.0712,3,1,1
23.79803,0.016666,-7.935743,105.1647,-0.5049678,20.15009,0.8319839,-7.308,0.3379801,59.30635,11,0,0,0,0,8.75,0.01355186,-1.13395,0.8319839,903.6759,3,1,1
23.81469,0.016666,-7.786075,105.1668,-0.5049428,20.02462,0.829379,-7.524,0.3379801,59.30635,11,0,0,0,0,8.75,0.0158581,-1.145312,0.829379,901.2058,3,1,1
23.83135,0.016666,-7.637342,105.1689,-0.5049039,19.899,0.8264149,-7.74,0.3379801,59.30635,11,0,0,0,0,8.75,0.01825089,-1.157018,0.8264149,898.6517,3,1,1
23.84801,0.016666,-7.489545,105.171,-0.5048522,19.77344,0.8230755,-7.884,0.3379801,59.30635,11,0,0,0,0,8.75,0.02069338,-1.168879,0.8230755,896.0226,3,1,1
23.86467,0.016666,-7.342682,105.173,-0.5047892,19.64795,0.8193476,-7.956,0.3379801,59.30635,11,0,0,0,0,8.75,0.02314428,-1.180701,0.8193476,893.3119,3,1,1
23.88133,0.016666,-7.196754,105.175,-0.5047163,19.52253,0.8152198,-7.992,0.3379801,59.30635,11,0,0,0,0,8.75,0.02556005,-1.192301,0.8152198,890.513,3,1,1
23.89799,0.016666,-7.051759,105.177,-0.5046352,19.39621,0.8106842,-7.956,0.2705907,63.48886,11,0,0,0,0,8.75,0.02789731,-1.203547,0.8106842,887.2664,3,1,1
23.91465,0.016666,-6.90773,105.1789,-0.5045496,19.26384,0.8057401,-7.884,0.2705907,63.48886,11,0,0,0,0,8.75,0.03010539,-1.214935,0.8057401,883.1036,3,1,1
23.93131,0.016666,-75.11461,104.9619,-0.5030255,27.42189,0.3383435,0.864,0.2705907,0,10,0,0,0,0,8.75,-0.01545893,-0.2021175,0.3383435,1204.189,3,1,1
23.94797,0.016666,-74.91033,104.9632,-0.5030142,27.41658,0.3418004,0.9359999,0.2705907,0,10,0,0,0,0,8.75,-0.01349615,-0.2025429,0.3418004,1204.338,3,1,1
23.96463,0.016666,-74.70609,104.9644,-0.5030031,27.41128,0.3449435,1.008,0.2705907,0,10,0,0,0,0,8.75,-0.01185291,-0.2029522,0.3449435,1204.186,3,1,1
23.98129,0.016666,-74.5019,104.9656,-0.5029926,27.40599,0.3477983,1.044,0.2705907,0,10,0,0,0,0,8.75,-0.01054346,-0.2033406,0.3477983,1203.964,3,1,1
23.99795,0.016666,-74.29774,104.9669,-0.5029827,27.40069,0.3503932,1.044,0.2705907,0,10,0,0,0,0,8.75,-0.009569756,-0.2037071,0.3503932,1203.686,3,1,1
24.01461,0.016666,-74.09363,104.9681,-0.5029737,27.39537,0.3527583,1.044,0.2705907,0,10,0,0,0,0,8.75,-0.008922033,-0.2040474,0.3527583,1203.456,3,1,1
24.03127,0.016666,-73.88955,104.9694,-0.5029657,27.39008,0.3549249,1.044,0.2705907,0,10,0,0,0,0,8.75,-0.008577472,-0.2043578,0.3549249,1203.089,3,1,1
24.04793,0.016666,-73.68552,104.9707,-0.5029588,27.38478,0.3569233,1.008,0.2705907,0,10,0,0,0,0,8.75,-0.008500915,-0.2046368,0.3569233,1202.721,3,1,1
24.06459,0.016666,-73.48151,104.972,-0.5029531,27.37948,0.3587833,0.9359999,0.2705907,0,10,0,0,0,0,8.75,-0.008645688,-0.2048821,0.3587833,1202.604,3,1,1
24.08125,0.016666,-73.27756,104.9733,-0.5029486,27.37419,0.3605322,0.828,0.2705907,0,10,0,0,0,0,8.75,-0.00895889,-0.205089,0.3605322,1202.028,3,1,1
24.09791,0.016666,-73.07364,104.9746,-0.5029453,27.36891,0.3621948,0.756,0.2705907,0,10,0,0,0,0,8.75,-0.009383705,-0.2052542,0.3621948,1201.832,3,1,1
24.11457,0.016666,-72.86976,104.9759,-0.5029433,27.3636,0.3637921,0.648,0.2705907,0,10,0,0,0,0,8.75,-0.009859478,-0.2053779,0.3637921,1201.978,3,1,1
24.13123,0.016666,-72.66592,104.9772,-0.5029426,27.35831,0.3653415,0.576,0.2705907,0,10,0,0,0,0,8.75,-0.01032639,-0.2054583,0.3653415,1201.474,3,1,1
24.14789,0.016666,-11.28567,105.1161,-0.5026708,22.58963,0.8240979,-0.792,0.3379801,45.74149,11,0,0,0,0,8.75,-0.0142391,-1.093413,0.8240979,975.174,3,1,1
24.16455,0.016666,-11.11774,105.1185,-0.5028217,22.4872,0.827103,-0.8999999,0.3379801,45.74149,11,0,0,0,0,8.75,-0.01270442,-1.09037,0.827103,971.1346,3,1,1
24.18121,0.016666,-10.95057,105.1209,-0.5029787,22.38492,0.829807,-1.044,0.3379801,45.74149,11,0,0,0,0,8.75,-0.01125204,-1.086255,0.829807,966.532,3,1,1
24.19787,0.016666,-10.78417,105.1233,-0.5031388,22.28101,0.8322164,-1.188,0.3379801,51.16744,11,0,0,0,0,8.75,-0.009889336,-1.081261,0.8322164,962.1628,3,1,1
24.21453,0.016666,-10.61857,105.1257,-0.5033023,22.16982,0.8343391,-1.368,0.3379801,51.16744,11,0,0,0,0,8.75,-0.008619158,-1.076386,0.8343391,956.7661,3,1,1
24.23119,0.016666,-10.4538,105.1281,-0.5034673,22.05814,0.8361837,-1.584,0.3379801,51.16744,11,0,0,0,0,8.75,-0.007439258,-1.072045,0.8361837,951.2108,3,1,1
24.24785,0.016666,-10.28987,105.1305,-0.5036313,21.94652,0.8377599,-1.836,0.3379801,51.16744,11,0,0,0,0,8.75,-0.006341347,-1.068263,0.8377599,945.9745,3,1,1
24.26451,0.016666,-10.12676,105.1329,-0.5037926,21.83497,0.8390766,-2.124,0.3379801,51.16744,11,0,0,0,0,8.75,-0.005312301,-1.065025,0.8390766,941.2602,3,1,1
24.28117,0.016666,-9.964493,105.1353,-0.5039489,21.72346,0.8401429,-2.448,0.3379801,51.16744,11,0,0,0,0,8.75,-0.004335382,-1.062323,0.8401429,937.1121,3,1,1
24.29783,0.016666,-9.803054,105.1376,-0.5040975,21.61046,0.8409663,-2.808,0.3379801,56.02816,11,0,0,0,0,8.75,-0.003391079,-1.060224,0.8409663,933.4891,3,1,1
24.31449,0.016666,-9.642485,105.14,-0.5042385,21.49074,0.8415539,-3.204,0.3379801,56.02816,11,0,0,0,0,8.75,-0.002458853,-1.059514,0.8415539,930.2608,3,1,1
24.33115,0.016666,-9.482811,105.1423,-0.5043708,21.37046,0.8419106,-3.636,0.3379801,56.02816,11,0,0,0,0,8.75,-0.001515878,-1.060446,0.8419106,927.3336,3,1,1
24.34781,0.016666,-9.324034,105.1447,-0.5044928,21.25021,0.8420391,-4.104,0.3379801,56.02816,11,0,0,0,0,8.75,-0.000537899,-1.062897,0.8420391,924.6513,3,1,1
24.36447,0.016666,-9.166152,105.147,-0.5046036,21.13002,0.8419394,-4.572,0.3379801,56.02816,11,0,0,0,0,8.75,0.00049897,-1.066698,0.8419394,922.1563,3,1,1
24.38113,0.016666,-9.009166,105.1492,-0.5047019,21.00988,0.8416088,-5.004,0.3379801,56.02816,11,0,0,0,0,8.75,0.001617304,-1.071677,0.8416088,919.7949,3,1,1
24.39779,0.016666,-8.853075,105.1515,-0.504786,20.88937,0.8410413,-5.436,0.3379801,57.83681,11,0,0,0,0,8.75,0.002844874,-1.077693,0.8410413,917.5201,3,1,1
24.41445,0.016666,-8.697891,105.1538,-0.5048556,20.76628,0.840228,-5.76,0.3379801,57.83681,11,0,0,0,0,8.75,0.004217288,-1.084873,0.840228,915.2711,3,1,1
24.43111,0.016666,-8.543627,105.156,-0.5049103,20.64299,0.8391574,-6.12,0.3379801,57.83681,11,0,0,0,0,8.75,0.005749493,-1.093184,0.8391574,913.0116,3,1,1
24.44777,0.016666,-8.39028,105.1582,-0.5049491,20.51974,0.8378147,-6.444,0.3379801,57.83681,11,0,0,0,0,8.75,0.007451008,-1.102444,0.8378147,910.7313,3,1,1
24.46443,0.016666,-8.23785,105.1604,-0.5049717,20.39658,0.8361837,-6.732,0.3379801,57.83681,11,0,0,0,0,8.75,0.009325282,-1.112453,0.8361837,908.4206,3,1,1
24.48109,0.016666,-8.086338,105.1626,-0.5049779,20.27348,0.8342463,-7.02,0.3379801,57.83681,11,0,0,0,0,8.75,0.01136489,-1.123013,0.8342463,906.0712,3,1,1
24.49775,0.016666,-7.935743,105.1647,-0.5049678,20.15009,0.8319839,-7.308,0.3379801,59.30635,11,0,0,0,0,8.75,0.01355186,-1.13395,0.8319839,903.6759,3,1,1
24.51441,0.016666,-7.786075,105.1668,-0.5049428,20.02462,0.829379,-7.524,0.3379801,59.30635,11,0,0,0,0,8.75,0.0158581,-1.145312,0.829379,901.2058,3,1,1
24.53107,0.016666,-7.637342,105.1689,-0.5049039,19.899,0.8264149,-7.74,0.3379801,59.30635,11,0,0,0,0,8.75,0.01825089,-1.157018,0.8264149,898.6517,3,1,1
24.54773,0.016666,-7.489545,105.171,-0.5048522,19.77344,0.8230755,-7.884,0.3379801,59.30635,11,0,0,0,0,8.75,0.02069338,-1.168879,0.8230755,896.0226,3,1,1
24.56439,0.016666,-7.342682,105.173,-0.5047892,19.64795,0.8193476,-7.956,0.3379801,59.30635,11,0,0,0,0,8.75,0.02314428,-1.180701,0.8193476,893.3119,3,1,1
24.58105,0.016666,-7.196754,105.175,-0.5047163,19.52253,0.8152198,-7.992,0.3379801,59.30635,11,0,0,0,0,8.75,0.02556005,-1.192301,0.8152198,890.513,3,1,1
24.59771,0.016666,-7.051759,105.177,-0.5046352,19.39621,0.8106842,-7.956,0.2705907,63.48886,11,0,0,0,0,8.75,0.02789731,-1.203547,0.8106842,887.2664,3,1,1
24.61437,0.016666,-6.764688,105.1808,-0.5044626,19.131,0.8003873,-7.776,0.2705907,63.48886,11,0,0,0,0,9.5,0.03214486,-1.226593,0.8003873,879.0337,3,1,1
24.63103,0.016666,-6.622636,105.1827,-0.5043755,18.9982,0.7946278,-7.596,0.2705907,63.48886,11,0,0,0,0,9.5,0.03398748,-1.238335,0.7946278,875.1172,3,1,1
24.64769,0.016666,-6.481572,105.1846,-0.5042899,18.86551,0.7884679,-7.38,0.2705907,63.48886,11,0,0,0,0,9.5,0.03561068,-1.24995,0.7884679,871.3513,3,1,1
24.66435,0.016666,-6.341495,105.1864,-0.5042074,18.73289,0.7819183,-7.199999,0.2705907,63.48886,11,0,0,0,0,9.5,0.0369973,-1.261239,0.7819183,867.6971,3,1,1
24.68101,0.016666,-6.202405,105.1881,-0.5041289,18.59965,0.774994,-6.947999,0.3379801,66.31487,11,0,0,0,0,9.5,0.0381351,-1.272058,0.774994,864.4534,3,1,1
24.69767,0.016666,-6.064324,105.1899,-0.5040572,18.46234,0.7677179,-6.696,0.3379801,66.31487,11,0,0,0,0,9.5,0.03900874,-1.282694,0.7677179,861.8458,3,1,1
24.71433,0.016666,-5.927267,105.1916,-0.5039939,18.3248,0.7601144,-6.516,0.3379801,66.31487,11,0,0,0,0,9.5,0.03961355,-1.293189,0.7601144,858.7905,3,1,1
24.73099,0.016666,-5.791233,105.1932,-0.5039399,18.18739,0.7522106,-6.372,0.3379801,66.31487,11,0,0,0,0,9.5,0.039954,-1.303372,0.7522106,855.3127,3,1,1
24.74765,0.016666,-5.656221,105.1948,-0.5038959,18.05014,0.7440376,-6.336,0.3379801,66.31487,11,0,0,0,0,9.5,0.04003867,-1.313063,0.7440376,851.4893,3,1,1
24.76431,0.016666,-5.522231,105.1964,-0.5038626,17.91303,0.7356295,-6.264,0.3379801,66.31487,11,0,0,0,0,9.5,0.03988015,-1.322101,0.7356295,847.4115,3,1,1
24.78097,0.016666,-5.389261,105.198,-0.5038399,17.77561,0.7270225,-6.228,0.3379801,68.01048,11,0,0,0,0,9.5,0.03949528,-1.330372,0.7270225,843.1631,3,1,1
24.79763,0.016666,-5.257324,105.1995,-0.5038288,17.63579,0.7182558,-6.228,0.3379801,68.01048,11,0,0,0,0,9.5,0.03890115,-1.338035,0.7182558,838.7435,3,1,1
24.81429,0.016666,-5.061371,105.2017,-0.5038348,17.42599,0.7048878,-6.264,0.3379801,68.01048,11,0,0,0,0,9.5,0.03767851,-1.348395,0.7048878,832.011,3,1,1
24.83095,0.016666,-4.932037,105.2031,-0.5038537,17.28624,0.6958814,-6.372,0.3379801,68.01048,11,0,0,0,0,9.5,0.03669645,-1.354407,0.6958814,827.7787,3,1,1
24.84761,0.016666,-4.867761,105.2038,-0.5038675,17.21639,0.6913622,-6.444,0.3379801,68.01048,11,0,0,0,0,9.5,0.03617119,-1.357113,0.6913622,825.7802,3,1,1
24.86427,0.016666,-4.67649,105.2059,-0.5039253,17.00692,0.6777834,-6.66,0.3379801,68.01048,11,0,0,0,0,9.5,0.034528,-1.363948,0.6777834,820.2505,3,1,1
24.88093,0.016666,-4.550289,105.2072,-0.5039774,16.86199,0.668746,-6.84,0.2705907,72.98426,11,0,0,0,0,9.5,0.0334348,-1.367716,0.668746,815.971,3,1,1
24.89759,0.016666,-4.425188,105.2085,-0.5040421,16.71345,0.6597496,-7.02,0.2705907,72.98426,11,0,0,0,0,9.5,0.03239961,-1.371684,0.6597496,811.7427,3,1,1
24.91425,0.016666,-4.301193,105.2098,-0.504118,16.5649,0.6508079,-7.236,0.2705907,72.98426,11,0,0,0,0,9.5,0.03146405,-1.375843,0.6508079,807.8207,3,1,1
24.93091,0.016666,-4.178303,105.211,-0.5042039,16.41644,0.6419295,-7.487999,0.2705907,72.98426,11,0,0,0,0,9.5,0.03066793,-1.380079,0.6419295,804.158,3,1,1
24.94757,0.016666,-4.05652,105.2122,-0.5042984,16.26807,0.6331186,-7.74,0.2705907,72.98426,11,0,0,0,0,9.5,0.03004058,-1.384283,0.6331186,800.6846,3,1,1
24.96423,0.016666,-3.93584,105.2134,-0.5043991,16.11979,0.6243743,-8.028,0.2705907,72.98426,11,0,0,0,0,9.5,0.02960584,-1.38837,0.6243743,797.3282,3,1,1
24.98089,0.016666,-3.816268,105.2145,-0.504504,15.97046,0.6156915,-8.243999,0.3379801,74.00162,11,0,0,0,0,9.5,0.0293687,-1.392347,0.6156915,794.8952,3,1,1
24.99755,0.016666,-3.697812,105.2156,-0.5046114,15.82051,0.607062,-8.532,0.3379801,74.00162,11,0,0,0,0,9.5,0.02932667,-1.396318,0.607062,792.4571,3,1,1
25.01421,0.016666,-3.580473,105.2167,-0.5047194,15.67067,0.5984728,-8.783999,0.3379801,74.00162,11,0,0,0,0,9.5,0.02947404,-1.400223,0.5984728,789.7075,3,1,1
25.03087,0.016666,-3.464249,105.2177,-0.5048264,15.52097,0.5899075,-9.035999,0.3379801,74.00162,11,0,0,0,0,9.5,0.02979704,-1.403983,0.5899075,786.7865,3,1,1
25.04753,0.016666,-3.34914,105.2188,-0.5049309,15.37137,0.5813478,-9.252,0.3379801,74.00162,11,0,0,0,0,9.5,0.0302743,-1.40753,0.5813478,783.8942,3,1,1
25.06419,0.016666,-3.235146,105.2197,-0.5050311,15.22186,0.5727736,-9.431999,0.3379801,74.00162,11,0,0,0,0,9.5,0.03087924,-1.410815,0.5727736,781.1297,3,1,1
25.08085,0.016666,-3.122263,105.2207,-0.5051256,15.07304,0.5641637,-9.575999,0.3379801,73.43642,11,0,0,0,0,9.5,0.03158323,-1.413762,0.5641637,778.527,3,1,1
25.09751,0.016666,-3.010487,105.2216,-0.5052129,14.92469,0.5554956,-9.719999,0.3379801,73.43642,11,0,0,0,0,9.5,0.03235741,-1.416255,0.5554956,776.0855,3,1,1
25.11417,0.016666,-2.899816,105.2225,-0.5052921,14.77642,0.5467482,-9.828,0.3379801,73.43642,11,0,0,0,0,9.5,0.03317012,-1.418274,0.5467482,773.7802,3,1,1
25.13083,0.016666,-2.790249,105.2233,-0.5053624,14.62822,0.5379014,-10.008,0.3379801,73.43642,11,0,0,0,0,9.5,0.03398986,-1.419819,0.5379014,771.5795,3,1,1
25.14749,0.016666,-2.681787,105.2241,-0.5054233,14.4801,0.5289364,-10.152,0.3379801,73.43642,11,0,0,0,0,9.5,0.03478665,-1.420897,0.5289364,769.4526,3,1,1
25.16415,0.016666,-2.574428,105.2249,-0.5054745,14.33205,0.5198368,-10.332,0.3379801,73.43642,11,0,0,0,0,9.5,0.03553305,-1.421523,0.5198368,767.3726,3,1,1
25.18081,0.016666,-2.468162,105.2257,-0.505515,14.18839,0.5105864,-10.476,0.3379801,69.59304,11,0,0,0,0,9.5,0.03621193,-1.421462,0.5105864,765.3438,3,1,1
25.19747,0.016666,-2.362951,105.2264,-0.5055429,14.04746,0.501168,-10.62,0.3379801,69.59304,11,0,0,0,0,9.5,0.03682153,-1.420132,0.501168,763.4036,3,1,1
25.21413,0.016666,-2.25879,105.2271,-0.5055583,13.90666,0.4915738,-10.692,0.3379801,69.59304,11,0,0,0,0,9.5,0.03735473,-1.417562,0.4915738,761.5433,3,1,1
25.23079,0.016666,-2.155678,105.2277,-0.5055606,13.76593,0.4817981,-10.764,0.3379801,69.59304,11,0,0,0,0,9.5,0.0377936,-1.413854,0.4817981,759.7455,3,1,1
25.24745,0.016666,-2.053615,105.2283,-0.5055499,13.62525,0.4718384,-10.836,0.3379801,69.59304,11,0,0,0,0,9.5,0.03812525,-1.409124,0.4718384,757.9929,3,1,1
25.26411,0.016666,-1.9526,105.2289,-0.5055268,13.48464,0.4616939,-10.872,0.3379801,69.59304,11,0,0,0,0,9.5,0.0383437,-1.40348,0.4616939,756.2698,3,1,1
25.28077,0.016666,-1.852614,105.2295,-0.5054904,13.35197,0.4513619,-10.872,0.3379801,62.69756,11,0,0,0,0,9.5,0.03846177,-1.396569,0.4513619,754.5793,3,1,1
25.29743,0.016666,-1.75359,105.23,-0.5054379,13.22401,0.4408342,-10.872,0.3379801,62.69756,11,0,0,0,0,9.5,0.03851546,-1.387398,0.4408342,752.9531,3,1,1
25.31409,0.016666,-1.65552,105.2305,-0.5053701,13.0962,0.4301171,-10.872,0.3379801,62.69756,11,0,0,0,0,9.5,0.03850752,-1.376096,0.4301171,751.3664,3,1,1
25.33075,0.016666,-1.558402,105.231,-0.5052874,12.96844,0.4192187,-10.872,0.3379801,62.69756,11,0,0,0,0,9.5,0.03843862,-1.362954,0.4192187,749.7946,3,1,1
25.34741,0.016666,-1.462237,105.2314,-0.5051906,12.8407,0.4081486,-10.836,0.3379801,62.69756,11,0,0,0,0,9.5,0.03831165,-1.348276,0.4081486,748.0869,3,1,1
25.36407,0.016666,-1.367025,105.2318,-0.5050817,12.71302,0.3969177,-10.8,0.3379801,62.69756,11,0,0,0,0,9.5,0.03813121,-1.332351,0.3969177,746.1631,3,1,1
25.38073,0.016666,-1.272743,105.2322,-0.5049613,12.59431,0.3855328,-10.8,0.3379801,55.01081,11,0,0,0,0,9.5,0.03791882,-1.314944,0.3855328,744.0566,3,1,1
25.39739,0.016666,-1.179316,105.2326,-0.5048274,12.48066,0.3739936,-10.8,0.3379801,55.01081,11,0,0,0,0,9.5,0.03771712,-1.295105,0.3739936,741.842,3,1,1
25.41405,0.016666,-1.086736,105.2329,-0.5046822,12.36714,0.3623149,-10.8,0.3379801,55.01081,11,0,0,0,0,9.5,0.03752255,-1.273136,0.3623149,739.5316,3,1,1
25.43071,0.016666,-0.9950034,105.2332,-0.504527,12.25362,0.3505123,-10.8,0.3379801,55.01081,11,0,0,0,0,9.5,0.03732364,-1.249504,0.3505123,737.1337,3,1,1
25.44737,0.016666,-0.9041175,105.2334,-0.5043635,12.14009,0.3386016,-10.8,0.3379801,55.01081,11,0,0,0,0,9.5,0.03710797,-1.224682,0.3386016,734.6589,3,1,1
25.46403,0.016666,-0.8140783,105.2337,-0.5041946,12.02657,0.3265984,-10.836,0.3379801,55.01081,11,0,0,0,0,9.5,0.03686414,-1.19911,0.3265984,732.1184,3,1,1
25.48069,0.016666,-0.7248728,105.2339,-0.5040227,11.91823,0.3145147,-10.872,0.3379801,50.60222,11,0,0,0,0,9.5,0.03659196,-1.172906,0.3145147,729.5332,3,1,1
25.49735,0.016666,-0.6364585,105.2341,-0.5038483,11.81273,0.3023573,-10.98,0.3379801,50.60222,11,0,0,0,0,9.5,0.03630568,-1.14577,0.3023573,726.9431,3,1,1
25.51401,0.016666,-6.764688,105.1808,-0.5044626,19.131,0.8003873,-7.776,0.2705907,63.48886,11,0,0,0,0,9.5,0.03214486,-1.226593,0.8003873,879.0337,3,1,1
25.53067,0.016666,-6.622636,105.1827,-0.5043755,18.9982,0.7946278,-7.596,0.2705907,63.48886,11,0,0,0,0,9.5,0.03398748,-1.238335,0.7946278,875.1172,3,1,1
25.54733,0.016666,-6.481572,105.1846,-0.5042899,18.86551,0.7884679,-7.38,0.2705907,63.48886,11,0,0,0,0,9.5,0.03561068,-1.24995,0.7884679,871.3513,3,1,1
25.56399,0.016666,-6.341495,105.1864,-0.5042074,18.73289,0.7819183,-7.199999,0.2705907,63.48886,11,0,0,0,0,9.5,0.0369973,-1.261239,0.7819183,867.6971,3,1,1
25.58065,0.016666,-6.202405,105.1881,-0.5041289,18.59965,0.774994,-6.947999,0.3379801,66.31487,11,0,0,0,0,9.5,0.0381351,-1.272058,0.774994,864.4534,3,1,1
25.59731,0.016666,-6.064324,105.1899,-0.5040572,18.46234,0.7677179,-6.696,0.3379801,66.31487,11,0,0,0,0,9.5,0.03900874,-1.282694,0.7677179,861.8458,3,1,1
25.61397,0.016666,-5.927267,105.1916,-0.5039939,18.3248,0.7601144,-6.516,0.3379801,66.31487,11,0,0,0,0,9.5,0.03961355,-1.293189,0.7601144,858.7905,3,1,1
25.63063,0.016666,-5.791233,105.1932,-0.5039399,18.18739,0.7522106,-6.372,0.3379801,66.31487,11,0,0,0,0,9.5,0.039954,-1.303372,0.7522106,855.3127,3,1,1
25.64729,0.016666,-5.656221,105.1948,-0.5038959,18.05014,0.7440376,-6.336,0.3379801,66.31487,11,0,0,0,0,9.5,0.04003867,-1.313063,0.7440376,851.4893,3,1,1
25.66395,0.016666,-5.522231,105.1964,-0.5038626,17.91303,0.7356295,-6.264,0.3379801,66.31487,11,0,0,0,0,9.5,0.03988015,-1.322101,0.7356295,847.4115,3,1,1
25.68061,0.016666,-5.389261,105.198,-0.5038399,17.77561,0.7270225,-6.228,0.3379801,68.01048,11,0,0,0,0,9.5,0.03949528,-1.330372,0.7270225,843.1631,3,1,1
25.69727,0.016666,-5.257324,105.1995,-0.5038288,17.63579,0.7182558,-6.228,0.3379801,68.01048,11,0,0,0,0,9.5,0.03890115,-1.338035,0.7182558,838.7435,3,1,1
25.71393,0.016666,-5.061371,105.2017,-0.5038348,17.42599,0.7048878,-6.264,0.3379801,68.01048,11,0,0,0,0,9.5,0.03767851,-1.348395,0.7048878,832.011,3,1,1
25.73059,0.016666,-4.932037,105.2031,-0.5038537,17.28624,0.6958814,-6.372,0.3379801,68.01048,11,0,0,0,0,9.5,0.03669645,-1.354407,0.6958814,827.7787,3,1,1
25.74725,0.016666,-4.867761,105.2038,-0.5038675,17.21639,0.6913622,-6.444,0.3379801,68.01048,11,0,0,0,0,9.5,0.03617119,-1.357113,0.6913622,825.7802,3,1,1
25.76391,0.016666,-4.67649,105.2059,-0.5039253,17.00692,0.6777834,-6.66,0.3379801,68.01048,11,0,0,0,0,9.5,0.034528,-1.363948,0.6777834,820.2505,3,1,1
25.78057,0.016666,-4.550289,105.2072,-0.5039774,16.86199,0.668746,-6.84,0.2705907,72.98426,11,0,0,0,0,9.5,0.0334348,-1.367716,0.668746,815.971,3,1,1
25.79723,0.016666,-4.425188,105.2085,-0.5040421,16.71345,0.6597496,-7.02,0.2705907,72.98426,11,0,0,0,0,9.5,0.03239961,-1.371684,0.6597496,811.7427,3,1,1
25.81389,0.016666,-4.301193,105.2098,-0.504118,16.5649,0.6508079,-7.236,0.2705907,72.98426,11,0,0,0,0,9.5,0.03146405,-1.375843,0.6508079,807.8207,3,1,1
25.83055,0.016666,-4.178303,105.211,-0.5042039,16.41644,0.6419295,-7.487999,0.2705907,72.98426,11,0,0,0,0,9.5,0.03066793,-1.380079,0.6419295,804.158,3,1,1
25.84721,0.016666,-4.05652,105.2122,-0.5042984,16.26807,0.6331186,-7.74,0.2705907,72.98426,11,0,0,0,0,9.5,0.03004058,-1.384283,0.6331186,800.6846,3,1,1
25.86387,0.016666,-3.93584,105.2134,-0.5043991,16.11979,0.6243743,-8.028,0.2705907,72.98426,11,0,0,0,0,9.5,0.02960584,-1.38837,0.6243743,797.3282,3,1,1
25.88053,0.016666,-3.816268,105.2145,-0.504504,15.97046,0.6156915,-8.243999,0.3379801,74.00162,11,0,0,0,0,9.5,0.0293687,-1.392347,0.6156915,794.8952,3,1,1
25.89719,0.016666,-3.697812,105.2156,-0.5046114,15.82051,0.607062,-8.532,0.3379801,74.00162,11,0,0,0,0,9.5,0.02932667,-1.396318,0.607062,792.4571,3,1,1
25.91385,0.016666,-3.580473,105.2167,-0.5047194,15.67067,0.5984728,-8.783999,0.3379801,74.00162,11,0,0,0,0,9.5,0.02947404,-1.400223,0.5984728,789.7075,3,1,1
25.93051,0.016666,-3.464249,105.2177,-0.5048264,15.52097,0.5899075,-9.035999,0.3379801,74.00162,11,0,0,0,0,9.5,0.02979704,-1.403983,0.5899075,786.7865,3,1,1
25.94717,0.016666,-3.34914,105.2188,-0.5049309,15.37137,0.5813478,-9.252,0.3379801,74.00162,11,0,0,0,0,9.5,0.0302743,-1.40753,0.5813478,783.8942,3,1,1
25.96383,0.016666,-3.235146,105.2197,-0.5050311,15.22186,0.5727736,-9.431999,0.3379801,74.00162,11,0,0,0,0,9.5,0.03087924,-1.410815,0.5727736,781.1297,3,1,1
25.98049,0.016666,-3.122263,105.2207,-0.5051256,15.07304,0.5641637,-9.575999,0.3379801,73.43642,11,0,0,0,0,9.5,0.03158323,-1.413762,0.5641637,778.527,3,1,1
25.99715,0.016666,-3.010487,105.2216,-0.5052129,14.92469,0.5554956,-9.719999,0.3379801,73.43642,11,0,0,0,0,9.5,0.03235741,-1.416255,0.5554956,776.0855,3,1,1
26.01381,0.016666,-2.899816,105.2225,-0.5052921,14.77642,0.5467482,-9.828,0.3379801,73.43642,11,0,0,0,0,9.5,0.03317012,-1.418274,0.5467482,773.7802,3,1,1
26.03047,0.016666,-2.790249,105.2233,-0.5053624,14.62822,0.5379014,-10.008,0.3379801,73.43642,11,0,0,0,0,9.5,0.03398986,-1.419819,0.5379014,771.5795,3,1,1
26.04713,0.016666,-2.681787,105.2241,-0.5054233,14.4801,0.5289364,-10.152,0.3379801,73.43642,11,0,0,0,0,9.5,0.03478665,-1.420897,0.5289364,769.4526,3,1,1
26.06379,0.016666,-2.574428,105.2249,-0.5054745,14.33205,0.5198368,-10.332,0.3379801,73.43642,11,0,0,0,0,9.5,0.03553305,-1.421523,0.5198368,767.3726,3,1,1
26.08045,0.016666,-2.468162,105.2257,-0.505515,14.18839,0.5105864,-10.476,0.3379801,69.59304,11,0,0,0,0,9.5,0.03621193,-1.421462,0.5105864,765.3438,3,1,1
26.09711,0.016666,-2.362951,105.2264,-0.5055429,14.04746,0.501168,-10.62,0.3379801,69.59304,11,0,0,0,0,9.5,0.03682153,-1.420132,0.501168,763.4036,3,1,1
26.11377,0.016666,-2.25879,105.2271,-0.5055583,13.90666,0.4915738,-10.692,0.3379801,69.59304,11,0,0,0,0,9.5,0.03735473,-1.417562,0.4915738,761.5433,3,1,1
26.13043,0.016666,-2.155678,105.2277,-0.5055606,13.76593,0.4817981,-10.764,0.3379801,69.59304,11,0,0,0,0,9.5,0.0377936,-1.413854,0.4817981,759.7455,3,1,1
26.14709,0.016666,-2.053615,105.2283,-0.5055499,13.62525,0.4718384,-10.836,0.3379801,69.59304,11,0,0,0,0,9.5,0.03812525,-1.409124,0.4718384,757.9929,3,1,1
26.16375,0.016666,-1.9526,105.2289,-0.5055268,13.48464,0.4616939,-10.872,0.3379801,69.59304,11,0,0,0,0,9.5,0.0383437,-1.40348,0.4616939,756.2698,3,1,1
26.18041,0.016666,-1.852614,105.2295,-0.5054904,13.35197,0.4513619,-10.872,0.3379801,62.69756,11,0,0,0,0,9.5,0.03846177,-1.396569,0.4513619,754.5793,3,1,1
26.19707,0.016666,-1.75359,105.23,-0.5054379,13.22401,0.4408342,-10.872,0.3379801,62.69756,11,0,0,0,0,9.5,0.03851546,-1.387398,0.4408342,752.9531,3,1,1
26.21373,0.016666,-1.65552,105.2305,-0.5053701,13.0962,0.4301171,-10.872,0.3379801,62.69756,11,0,0,0,0,9.5,0.03850752,-1.376096,0.4301171,751.3664,3,1,1
26.23039,0.016666,-1.558402,105.231,-0.5052874,12.96844,0.4192187,-10.872,0.3379801,62.69756,11,0,0,0,0,9.5,0.03843862,-1.362954,0.4192187,749.7946,3,1,1
26.24705,0.016666,-1.462237,105.2314,-0.5051906,12.8407,0.4081486,-10.836,0.3379801,62.69756,11,0,0,0,0,9.5,0.03831165,-1.348276,0.4081486,748.0869,3,1,1
26.26371,0.016666,-1.367025,105.2318,-0.5050817,12.71302,0.3969177,-10.8,0.3379801,62.69756,11,0,0,0,0,9.5,0.03813121,-1.332351,0.3969177,746.1631,3,1,1
26.28037,0.016666,-1.272743,105.2322,-0.5049613,12.59431,0.3855328,-10.8,0.3379801,55.01081,11,0,0,0,0,9.5,0.03791882,-1.314944,0.3855328,744.0566,3,1,1
26.29703,0.016666,-1.179316,105.2326,-0.5048274,12.48066,0.3739936,-10.8,0.3379801,55.01081,11,0,0,0,0,9.5,0.03771712,-1.295105,0.3739936,741.842,3,1,1
26.31369,0.016666,-1.086736,105.2329,-0.5046822,12.36714,0.3623149,-10.8,0.3379801,55.01081,11,0,0,0,0,9.5,0.03752255,-1.273136,0.3623149,739.5316,3,1,1
26.33035,0.016666,-0.9950034,105.2332,-0.504527,12.25362,0.3505123,-10.8,0.3379801,55.01081,11,0,0,0,0,9.5,0.03732364,-1.249504,0.3505123,737.1337,3,1,1
26.34701,0.016666,-0.9041175,105.2334,-0.5043635,12.14009,0.3386016,-10.8,0.3379801,55.01081,11,0,0,0,0,9.5,0.03710797,-1.224682,0.3386016,734.6589,3,1,1
26.36367,0.016666,-0.8140783,105.2337,-0.5041946,12.02657,0.3265984,-10.836,0.3379801,55.01081,11,0,0,0,0,9.5,0.03686414,-1.19911,0.3265984,732.1184,3,1,1
26.38033,0.016666,-0.7248728,105.2339,-0.5040227,11.91823,0.3145147,-10.872,0.3379801,50.60222,11,0,0,0,0,9.5,0.03659196,-1.172906,0.3145147,729.5332,3,1,1
26.39699,0.016666,-0.6364585,105.2341,-0.5038483,11.81273,0.3023573,-10.98,0.3379801,50.60222,11,0,0,0,0,9.5,0.03630568,-1.14577,0.3023573,726.9431,3,1,1
26.41365,0.016666,-0.5488309,105.2342,-0.5036741,11.70728,0.2901399,-11.124,0.3379801,50.60222,11,0,0,0,0,9.5,0.03599479,-1.118108,0.2901399,724.3512,3,1,1
26.43031,0.016666,-0.4619897,105.2344,-0.5035022,11.60181,0.2778758,-11.232,0.3379801,50.60222,11,0,0,0,0,8.75,0.03564773,-1.0904,0.2778758,721.7834,3,1,1
26.44697,0.016666,-0.3759351,105.2345,-0.5033347,11.49631,0.2655764,-11.304,0.3379801,50.60222,11,0,0,0,0,8.75,0.03525652,-1.063104,0.2655764,719.2709,3,1,1
26.46363,0.016666,-0.2906672,105.2345,-0.5031743,11.39081,0.2532511,-11.376,0.3379801,50.60222,11,0,0,0,0,8.75,0.03481809,-1.036635,0.2532511,716.8287,3,1,1
26.48029,0.016666,-0.2061766,105.2346,-0.503023,11.28891,0.2409056,-11.376,0.2705907,47.55014,11,0,0,0,0,8.75,0.03434172,-1.011161,0.2409056,713.5662,3,1,1
26.49695,0.016666,-0.1224345,105.2346,-0.5028814,11.1889,0.2285393,-11.376,0.2705907,47.55014,11,0,0,0,0,8.75,0.03385061,-0.986533,0.2285393,710.2002,3,1,1
26.51361,0.016666,-0.03943777,105.2346,-0.5027515,11.0889,0.2161555,-11.304,0.2705907,47.55014,11,0,0,0,0,8.75,0.03335218,-0.9630684,0.2161555,707.0113,3,1,1
26.53027,0.016666,0.04281338,105.2346,-0.5026346,10.98886,0.2037559,-11.16,0.2705907,47.55014,11,0,0,0,0,8.75,0.03285357,-0.9411059,0.2037559,704.007,3,1,1
26.54693,0.016666,0.1243188,105.2346,-0.5025318,10.88878,0.19134,-10.944,0.2705907,47.55014,11,0,0,0,0,8.75,0.03236294,-0.9209452,0.19134,701.1801,3,1,1
26.56359,0.016666,0.2050782,105.2345,-0.5024446,10.78868,0.1789064,-10.728,0.2705907,47.55014,11,0,0,0,0,8.75,0.03188835,-0.9028314,0.1789064,698.5156,3,1,1
26.58025,0.016666,0.2851121,105.2344,-0.5023724,10.69655,0.1664478,-10.512,0.3379801,40.88074,11,0,0,0,0,8.75,0.03145289,-0.8865066,0.1664478,696.903,3,1,1
26.59691,0.016666,0.3644837,105.2343,-0.5023127,10.6085,0.1539487,-10.224,0.3379801,40.88074,11,0,0,0,0,8.75,0.031097,-0.8710461,0.1539487,695.6431,3,1,1
26.61357,0.016666,0.4431995,105.2342,-0.502266,10.52051,0.1414078,-9.972,0.3379801,40.88074,11,0,0,0,0,8.75,0.0308098,-0.8565729,0.1414078,694.424,3,1,1
26.63023,0.016666,0.5212596,105.2341,-0.5022312,10.43253,0.1288265,-9.792,0.3379801,40.88074,11,0,0,0,0,8.75,0.03056692,-0.8432986,0.1288265,693.2035,3,1,1
26.64689,0.016666,0.5986641,105.2339,-0.5022081,10.34455,0.1162082,-9.612,0.3379801,40.88074,11,0,0,0,0,8.75,0.03033767,-0.831404,0.1162082,691.9574,3,1,1
26.66355,0.016666,0.675413,105.2337,-0.5021964,10.25658,0.1035588,-9.467999,0.3379801,40.88074,11,0,0,0,0,8.75,0.03008797,-0.8210143,0.1035588,690.6746,3,1,1
26.68021,0.016666,0.7515374,105.2335,-0.5021949,10.18079,0.09088121,-9.36,0.3379801,32.40269,11,0,0,0,0,8.75,0.02980443,-0.8115261,0.09088121,689.5035,3,1,1
26.69687,0.016666,0.8271351,105.2333,-0.5022008,10.11143,0.07817118,-9.287999,0.3379801,32.40269,11,0,0,0,0,8.75,0.0295026,-0.8013815,0.07817118,688.7691,3,1,1
26.71353,0.016666,0.9022165,105.233,-0.5022134,10.04218,0.06544379,-9.216,0.3379801,32.40269,11,0,0,0,0,8.75,0.02914325,-0.7906433,0.06544379,688.5976,3,1,1
26.73019,0.016666,0.9767815,105.2328,-0.5022311,9.972871,0.05271662,-9.144,0.3379801,32.40269,11,0,0,0,0,8.75,0.02868516,-0.7795496,0.05271662,689.0256,3,1,1
26.74685,0.016666,1.05083,105.2325,-0.5022525,9.903472,0.04000792,-9.108,0.3379801,32.40269,11,0,0,0,0,8.75,0.02809671,-0.7683344,0.04000792,690.0944,3,1,1
26.76351,0.016666,1.12436,105.2322,-0.5022773,9.834005,0.02733638,-9.035999,0.3379801,32.40269,11,0,0,0,0,8.75,0.02736065,-0.7571858,0.02733638,691.7579,3,1,1
26.78017,0.016666,1.197392,105.2319,-0.5023046,9.772185,0.01471716,-9,0.3379801,27.31588,11,0,0,0,0,8.75,0.02648817,-0.7458275,0.01471716,693.9238,3,1,1
26.79683,0.016666,1.269987,105.2316,-0.5023324,9.714391,0.002158982,-9,0.3379801,27.31588,11,0,0,0,0,8.75,0.02552166,-0.7333957,0.002158982,696.5018,3,1,1
26.81349,0.016666,1.342152,105.2313,-0.5023605,9.656675,-0.01032161,-9,0.3379801,27.31588,11,0,0,0,0,8.75,0.02448236,-0.7200527,-0.01032161,699.3671,3,1,1
26.83015,0.016666,1.413886,105.2309,-0.5023876,9.598973,-0.02270998,-9.035999,0.3379801,27.31588,12,0,0,0,0,8.75,0.02339663,-0.7060713,-0.02270998,702.4017,3,1,1
26.84681,0.016666,1.485191,105.2305,-0.5024129,9.54128,-0.03499446,-9.144,0.3379801,27.31588,12,0,0,0,0,8.75,0.02229769,-0.6917175,-0.03499446,705.5042,3,1,1
26.86347,0.016666,1.556065,105.2302,-0.5024362,9.483632,-0.04716617,-9.287999,0.3379801,27.31588,12,0,0,0,0,8.75,0.02122377,-0.6772218,-0.04716617,708.5909,3,1,1
26.88013,0.016666,1.62654,105.2298,-0.5024562,9.438069,-0.05922399,-9.431999,0.3379801,19.40304,12,0,0,0,0,8.75,0.02023513,-0.6621187,-0.05922399,711.6149,3,1,1
26.89679,0.016666,1.696712,105.2294,-0.502471,9.398746,-0.07117821,-9.648,0.3379801,19.40304,12,0,0,0,0,8.75,0.01941621,-0.6450354,-0.07117821,714.5825,3,1,1
26.91345,0.016666,1.766593,105.229,-0.5024804,9.359588,-0.08302837,-9.936,0.3379801,19.40304,12,0,0,0,0,8.75,0.01879169,-0.6261977,-0.08302837,717.4573,3,1,1
26.93011,0.016666,1.83618,105.2285,-0.5024837,9.320476,-0.09477659,-10.26,0.3379801,19.40304,12,0,0,0,0,8.75,0.01836995,-0.6060066,-0.09477659,720.2065,3,1,1
26.94677,0.016666,1.905477,105.2281,-0.5024803,9.281379,-0.1064288,-10.62,0.3379801,19.40304,12,0,0,0,0,8.75,0.01815023,-0.5848645,-0.1064288,722.8055,3,1,1
26.96343,0.016666,1.974481,105.2277,-0.502471,9.242329,-0.1179941,-11.016,0.3379801,19.40304,12,0,0,0,0,8.75,0.01812544,-0.5631321,-0.1179941,725.2374,3,1,1
26.98009,0.016666,2.043223,105.2272,-0.5024553,9.214375,-0.1294889,-11.412,0.3379801,12.16844,12,0,0,0,0,8.75,0.01830658,-0.5405276,-0.1294889,727.5092,3,1,1
26.99675,0.016666,2.11179,105.2267,-0.5024325,9.19206,-0.1409382,-11.808,0.3379801,12.16844,12,0,0,0,0,8.75,0.01873514,-0.5159455,-0.1409382,729.6697,3,1,1
27.01341,0.016666,2.180191,105.2262,-0.5024034,9.169876,-0.1523591,-12.096,0.3379801,12.16844,12,0,0,0,0,8.75,0.01938536,-0.4897443,-0.1523591,731.7179,3,1,1
27.03007,0.016666,2.248426,105.2257,-0.5023682,9.147708,-0.1637715,-12.384,0.3379801,12.16844,12,0,0,0,0,8.75,0.0202185,-0.4624377,-0.1637715,733.648,3,1,1
27.04673,0.016666,2.316495,105.2252,-0.5023273,9.125525,-0.1751983,-12.708,0.3379801,12.16844,12,0,0,0,0,8.75,0.02119487,-0.4345318,-0.1751983,735.4557,3,1,1
27.06339,0.016666,2.384399,105.2247,-0.502282,9.103356,-0.1866649,-12.96,0.3379801,12.16844,12,0,0,0,0,8.75,0.02227825,-0.4064834,-0.1866649,737.1384,3,1,1
27.08005,0.016666,2.452161,105.2241,-0.5022331,9.090199,-0.1982106,-13.212,0.3379801,6.29033,12,0,0,0,0,8.75,0.02350569,-0.3782169,-0.1982106,738.7106,3,1,1
27.09671,0.016666,2.519851,105.2235,-0.5021806,9.081571,-0.2098988,-13.356,0.3379801,6.29033,12,0,0,0,0,8.75,0.02505445,-0.348984,-0.2098988,740.2182,3,1,1
27.11337,0.016666,2.587478,105.223,-0.5021262,9.073024,-0.221757,-13.5,0.3379801,6.29033,12,0,0,0,0,8.75,0.02686583,-0.319201,-0.221757,741.6638,3,1,1
27.13003,0.016666,2.65504,105.2224,-0.5020704,9.064465,-0.2338086,-13.572,0.3379801,6.29033,12,0,0,0,0,8.75,0.02882611,-0.2893935,-0.2338086,743.0441,3,1,1
27.14669,0.016666,2.722538,105.2217,-0.5020144,9.055869,-0.2460747,-13.608,0.3379801,6.29033,12,0,0,0,0,8.75,0.03081522,-0.2600611,-0.2460747,744.3558,3,1,1
27.16335,0.016666,2.789971,105.2211,-0.5019597,9.047269,-0.258573,-13.608,0.3379801,6.29033,12,0,0,0,0,8.75,0.03272333,-0.2316416,-0.258573,745.5966,3,1,1
27.18001,0.016666,2.857362,105.2204,-0.5019073,9.046915,-0.271302,-13.608,0.3379801,0.4122185,12,0,0,0,0,8.75,0.03442328,-0.2040703,-0.271302,746.7781,3,1,1
27.19667,0.016666,2.924774,105.2197,-0.5018584,9.050518,-0.2842409,-13.572,0.3379801,0.4122185,12,0,0,0,0,8.75,0.03574751,-0.1766564,-0.2842409,747.941,3,1,1
27.21333,0.016666,2.992212,105.219,-0.501814,9.054168,-0.2973955,-13.5,0.3379801,0.4122185,12,0,0,0,0,8.75,0.036666,-0.1497518,-0.2973955,749.0864,3,1,1
27.22999,0.016666,3.059678,105.2183,-0.5017748,9.057792,-0.3107711,-13.428,0.3379801,0.4122185,12,0,0,0,0,8.75,0.03720319,-0.1237862,-0.3107711,750.2075,3,1,1
27.24665,0.016666,3.12717,105.2176,-0.5017416,9.061368,-0.3243701,-13.356,0.3379801,0.4122185,12,0,0,0,0,8.75,0.03741398,-0.09915242,-0.3243701,751.2063,3,1,1
27.26331,0.016666,3.194688,105.2168,-0.5017153,9.064924,-0.3381915,-13.32,0.3379801,0.4122185,12,0,0,0,0,8.75,0.03736915,-0.07617735,-0.3381915,752.0512,3,1,1
27.27997,0.016666,3.262233,105.216,-0.5016966,9.068485,-0.3522306,-13.284,0.3379801,0.1861388,12,0,0,0,0,8.75,0.03714601,-0.05513383,-0.3522306,752.7696,3,1,1
27.29663,0.016666,3.329804,105.2152,-0.5016862,9.072051,-0.3664792,-13.284,0.3379801,0.1861388,12,0,0,0,0,8.75,0.03682047,-0.03625739,-0.3664792,753.3867,3,1,1
27.31329,0.016666,3.397401,105.2144,-0.5016845,9.075613,-0.380926,-13.284,0.3379801,0.1861388,12,0,0,0,0,8.75,0.03645944,-0.01974844,-0.380926,753.9242,3,1,1
27.32995,0.016666,3.465025,105.2135,-0.5016918,9.079161,-0.3955576,-13.284,0.3379801,0.1861388,12,0,0,0,0,8.75,0.03611461,-0.005763767,-0.3955576,754.3994,3,1,1
27.34661,0.016666,3.532674,105.2126,-0.501708,9.082698,-0.4103587,-13.284,0.3379801,0.1861388,12,0,0,0,0,8.75,0.03581912,0.005590333,-0.4103587,754.826,3,1,1
27.36327,0.016666,3.60035,105.2117,-0.5017331,9.086231,-0.425313,-13.284,0.3379801,0.1861388,12,0,0,0,0,8.75,0.03558731,0.01425784,-0.425313,755.2142,3,1,1
27.37993,0.016666,3.668052,105.2108,-0.5017667,9.089766,-0.4404039,-13.248,0.3379801,0,12,0,0,0,0,8.75,0.035417,0.02022878,-0.4404039,755.5734,3,1,1
27.39659,0.016666,3.73578,105.2099,-0.5018083,9.093301,-0.4556154,-13.104,0.3379801,0,12,0,0,0,0,8.75,0.03529321,0.02353546,-0.4556154,755.9141,3,1,1
27.41325,0.016666,3.803534,105.2089,-0.5018573,9.096839,-0.4709325,-12.924,0.3379801,0,12,0,0,0,0,8.75,0.03519349,0.024254,-0.4709325,756.2419,3,1,1
27.42991,0.016666,3.871314,105.2079,-0.5019121,9.10039,-0.4863415,-12.672,0.3379801,0,12,0,0,0,0,8.75,0.03509289,0.0225358,-0.4863415,756.5597,3,1,1
27.44657,0.016666,3.93912,105.2069,-0.5019708,9.103942,-0.5018311,-12.384,0.3379801,0,12,0,0,0,0,8.75,0.03496575,0.01858072,-0.5018311,756.868,3,1,1
27.46323,0.016666,4.006952,105.2059,-0.5020314,9.107487,-0.517391,-12.096,0.3379801,0,12,0,0,0,0,8.75,0.03478986,0.01261153,-0.517391,757.1671,3,1,1
27.47989,0.016666,4.074811,105.2048,-0.5020913,9.111042,-0.5330123,-11.556,0.3379801,0,12,0,0,0,0,8.75,0.03454957,0.004867458,-0.5330123,757.4564,3,1,1
27.49655,0.016666,4.142695,105.2037,-0.5021483,9.114611,-0.5486909,-10.98,0.3379801,0,12,0,0,0,0,8.75,0.03422927,-0.004399841,-0.5486909,757.736,3,1,1
27.51321,0.016666,4.210606,105.2026,-0.5022002,9.118195,-0.5644189,-10.296,0.3379801,0,12,0,0,0,0,8.75,0.03382565,-0.01493805,-0.5644189,758.0056,3,1,1
27.52987,0.016666,4.278543,105.2015,-0.5022454,9.121787,-0.5801875,-9.648,0.3379801,0,12,0,0,0,0,8.75,0.03334267,-0.02649855,-0.5801875,758.2651,3,1,1
27.54653,0.016666,4.346508,105.2004,-0.5022826,9.125384,-0.5959865,-9.035999,0.3379801,0,12,0,0,0,0,8.75,0.03278629,-0.03883543,-0.5959865,758.515,3,1,1
27.56319,0.016666,4.414498,105.1992,-0.5023106,9.128988,-0.6118037,-8.207999,0.3379801,0,12,0,0,0,0,8.75,0.03216138,-0.05170622,-0.6118037,758.7555,3,1,1
27.57985,0.016666,4.482515,105.1981,-0.5023289,9.132602,-0.6276232,-7.38,0.3379801,0,12,0,0,0,0,8.75,0.03146907,-0.06487593,-0.6276232,758.9871,3,1,1
27.59651,0.016666,4.550559,105.1969,-0.5023372,9.136221,-0.6434257,-6.588,0.3379801,0,12,0,0,0,0,8.75,0.03070514,-0.07812165,-0.6434257,759.2104,3,1,1
27.61317,0.016666,4.618629,105.1957,-0.5023354,9.139847,-0.6591876,-5.976,0.3379801,0,12,0,0,0,0,8.75,0.02985938,-0.09123558,-0.6591876,759.4258,3,1,1
27.62983,0.016666,4.686726,105.1945,-0.5023238,9.143476,-0.674881,-5.256,0.3379801,0,12,0,0,0,0,8.75,0.02891547,-0.1040265,-0.674881,759.6338,3,1,1
27.64649,0.016666,4.75485,105.1932,-0.5023031,9.147106,-0.690473,-4.608,0.3379801,0,12,0,0,0,0,8.75,0.02785189,-0.1163207,-0.690473,759.8349,3,1,1
27.66315,0.016666,4.823,105.192,-0.5022739,9.150741,-0.7059271,-4.032,0.3379801,0,12,0,0,0,0,8.75,0.0266443,-0.1279635,-0.7059271,760.0294,3,1,1
27.67981,0.016666,4.891178,105.1907,-0.5022374,9.154375,-0.7212027,-3.564,0.3379801,0,12,0,0,0,0,8.75,0.02526896,-0.1388202,-0.7212027,760.2178,3,1,1
27.69647,0.016666,4.959382,105.1894,-0.5021948,9.158008,-0.7362567,-3.168,0.3379801,0,12,0,0,0,0,8.75,0.0237059,-0.1487767,-0.7362567,760.4003,3,1,1
27.71313,0.016666,5.027613,105.1881,-0.5021475,9.16164,-0.7510441,-2.844,0.3379801,0,12,0,0,0,0,8.75,0.02194177,-0.1577399,-0.7510441,760.5771,3,1,1
27.72979,0.016666,5.095871,105.1868,-0.5020969,9.165268,-0.7655199,-2.592,0.3379801,0,12,0,0,0,0,8.75,0.01997267,-0.1656375,-0.7655199,760.7485,3,1,1
27.74645,0.016666,5.164155,105.1855,-0.5020444,9.168892,-0.77964,-2.376,0.3379801,0,12,0,0,0,0,8.75,0.01780666,-0.1724172,-0.77964,760.9146,3,1,1
27.76311,0.016666,5.232467,105.1842,-0.5019917,9.172511,-0.7933633,-2.16,0.3379801,0,12,0,0,0,0,8.75,0.01546545,-0.1780466,-0.7933633,761.0757,3,1,1
27.77977,0.016666,5.300806,105.1829,-0.5019403,9.17612,-0.8066528,-1.944,0.2705907,0,12,0,0,0,0,8.75,0.01298475,-0.1825123,-0.8066528,760.3752,3,1,1
27.79643,0.016666,5.369171,105.1816,-0.5018916,9.179702,-0.8194771,-1.728,0.2705907,0,12,0,0,0,0,8.75,0.01041345,-0.1858204,-0.8194771,759.6198,3,1,1
27.81309,0.016666,5.437562,105.1802,-0.5018469,9.183249,-0.8318121,-1.44,0.2705907,0,12,0,0,0,0,8.75,0.007810593,-0.1879946,-0.8318121,759.0696,3,1,1
27.82975,0.016666,5.50598,105.1789,-0.5018075,9.186763,-0.8436412,-1.188,0.2705907,0,12,0,0,0,0,8.75,0.005227355,-0.1890678,-0.8436412,758.7031,3,1,1
27.84641,0.016666,5.574423,105.1776,-0.5017741,9.190241,-0.8549559,-0.8999999,0.2705907,0,12,0,0,0,0,8.75,0.002711258,-0.1890822,-0.8549559,758.4868,3,1,1
27.86307,0.016666,5.642892,105.1763,-0.5017476,9.193689,-0.8657553,-0.612,0.2705907,0,12,0,0,0,0,8.75,0.000329388,-0.1880917,-0.8657553,758.3853,3,1,1
27.87973,0.016666,5.711388,105.1749,-0.5017282,9.197118,-0.8760457,-0.324,0.3379801,0,12,0,0,0,0,8.75,-0.001826677,-0.1861576,-0.8760457,759.222,3,1,1
27.89639,0.016666,5.779908,105.1736,-0.501716,9.200546,-0.8858396,0,0.3379801,0,12,0,0,0,0,8.75,-0.00367888,-0.1833505,-0.8858396,760.1672,3,1,1
27.91305,0.016666,5.848454,105.1722,-0.501711,9.203984,-0.8951544,0.288,0.3379801,0,12,0,0,0,0,8.75,-0.005176474,-0.1797541,-0.8951544,760.9407,3,1,1
27.92971,0.016666,5.917026,105.1709,-0.5017128,9.207437,-0.904011,0.612,0.3379801,0,12,0,0,0,0,8.75,-0.006289018,-0.1754612,-0.904011,761.5488,3,1,1
27.94637,0.016666,5.985623,105.1696,-0.5017211,9.210904,-0.9124319,0.8999999,0.3379801,0,12,0,0,0,0,8.75,-0.007014281,-0.1705723,-0.9124319,762.0141,3,1,1
27.96303,0.016666,6.054246,105.1683,-0.5017353,9.214379,-0.9204406,1.224,0.3379801,0,12,0,0,0,0,8.75,-0.007380432,-0.1651937,-0.9204406,762.3649,3,1,1
27.97969,0.016666,6.122895,105.1669,-0.5017551,9.217858,-0.9280598,1.548,0.3379801,0,12,0,0,0,0,8.75,-0.00743673,-0.1594354,-0.9280598,762.6287,3,1,1
27.99635,0.016666,6.19157,105.1656,-0.5017799,9.22134,-0.9353097,1.836,0.3379801,0,12,0,0,0,0,8.75,-0.00724471,-0.1534079,-0.9353097,762.8293,3,1,1
28.01301,0.016666,6.260271,105.1643,-0.5018089,9.224819,-0.9422079,2.16,0.3379801,0,12,0,0,0,0,8.75,-0.006873616,-0.1472209,-0.9422079,762.9861,3,1,1
28.02967,0.016666,6.328998,105.1629,-0.5018418,9.228297,-0.9487678,2.448,0.3379801,0,12,0,0,0,0,8.75,-0.006397183,-0.1409814,-0.9487678,763.1135,3,1,1
28.04633,0.016666,6.397751,105.1616,-0.5018779,9.231769,-0.9549983,2.772,0.3379801,0,12,0,0,0,0,8.75,-0.005888874,-0.1347927,-0.9549983,763.2221,3,1,1
28.06299,0.016666,6.46653,105.1603,-0.5019166,9.235234,-0.960903,3.096,0.3379801,0,12,0,0,0,0,8.75,-0.005415718,-0.1287521,-0.960903,763.3193,3,1,1
28.07965,0.016666,6.535334,105.159,-0.5019572,9.238693,-0.9664808,3.384,0.3379801,0,12,0,0,0,0,8.75,-0.005033677,-0.1229498,-0.9664808,763.4096,3,1,1
28.09631,0.016666,6.604165,105.1577,-0.5019991,9.242144,-0.9717262,3.636,0.3379801,0,12,0,0,0,0,8.75,-0.004786219,-0.1174678,-0.9717262,763.4962,3,1,1
28.11297,0.016666,6.67302,105.1564,-0.5020418,9.245588,-0.9766309,3.924,0.3379801,0,12,0,0,0,0,8.75,-0.004704248,-0.1123791,-0.9766309,763.5808,3,1,1
28.12963,0.016666,6.741902,105.1551,-0.5020847,9.249024,-0.9811841,4.176,0.3379801,0,12,0,0,0,0,8.75,-0.004806161,-0.1077467,-0.9811841,763.6642,3,1,1
28.14629,0.016666,6.81081,105.1538,-0.5021272,9.252457,-0.9853745,4.464,0.3379801,0,12,0,0,0,0,8.75,-0.005098198,-0.1036232,-0.9853745,763.7471,3,1,1
28.16295,0.016666,6.879743,105.1525,-0.5021688,9.255881,-0.9891896,4.752,0.3379801,0,12,0,0,0,0,8.75,-0.005575415,-0.1000507,-0.9891896,763.8293,3,1,1
28.17961,0.016666,6.948701,105.1512,-0.5022091,9.259298,-0.9926172,5.04,0.2705907,0,12,0,0,0,0,8.75,-0.006223345,-0.09706031,-0.9926172,763.0526,3,1,1
28.19627,0.016666,7.017685,105.1499,-0.5022476,9.262691,-0.9956467,5.292,0.2705907,0,12,0,0,0,0,8.75,-0.00702015,-0.09467399,-0.9956467,762.2242,3,1,1
28.21293,0.016666,7.086695,105.1487,-0.502284,9.26605,-0.9982678,5.544,0.2705907,0,12,0,0,0,0,8.75,-0.007939,-0.09290452,-0.9982678,761.6049,3,1,1
28.22959,0.016666,7.155729,105.1474,-0.5023178,9.269381,-1.000473,5.796,0.2705907,0,12,0,0,0,0,8.75,-0.008946854,-0.09175298,-1.000473,761.1725,3,1,1
28.24625,0.016666,7.224788,105.1461,-0.5023488,9.272684,-1.002255,5.976,0.2705907,0,12,0,0,0,0,8.75,-0.01000207,-0.09120601,-1.002255,760.8937,3,1,1
28.26291,0.016666,7.293872,105.1449,-0.5023765,9.275965,-1.003611,6.156,0.2705907,0,12,0,0,0,0,8.75,-0.01107309,-0.09123766,-1.003611,760.7333,3,1,1
28.27957,0.016666,7.36298,105.1437,-0.5024005,9.279232,-1.004541,6.336,0.3379801,0,12,0,0,0,0,8.75,-0.01213733,-0.09181041,-1.004541,761.5164,3,1,1
28.29623,0.016666,7.432114,105.1424,-0.5024205,9.282505,-1.005045,6.48,0.3379801,0,12,0,0,0,0,8.75,-0.01317958,-0.09287785,-1.005045,762.412,3,1,1
28.31289,0.016666,7.501271,105.1412,-0.5024363,9.285795,-1.005128,6.66,0.3379801,0,12,0,0,0,0,8.75,-0.0142016,-0.09438829,-1.005128,763.14,3,1,1
28.32955,0.016666,7.570453,105.14,-0.5024475,9.289107,-1.004798,6.804,0.3379801,0,12,0,0,0,0,8.75,-0.01520895,-0.09628681,-1.004798,763.7062,3,1,1
28.34621,0.016666,7.63966,105.1388,-0.5024538,9.292439,-1.004064,6.947999,0.3379801,0,12,0,0,0,0,8.75,-0.01619896,-0.098519,-1.004064,764.1331,3,1,1
28.36287,0.016666,7.708892,105.1376,-0.5024552,9.295788,-1.002936,7.092,0.3379801,0,12,0,0,0,0,8.75,-0.01716741,-0.1010306,-1.002936,764.4487,3,1,1
28.37953,0.016666,7.77815,105.1364,-0.5024517,9.29915,-1.001426,7.199999,0.3379801,0,12,0,0,0,0,8.75,-0.01810764,-0.1037673,-1.001426,764.68,3,1,1
28.39619,0.016666,7.847433,105.1353,-0.5024434,9.302518,-0.9995452,7.308,0.3379801,0,12,0,0,0,0,8.75,-0.01900665,-0.1066759,-0.9995452,764.8506,3,1,1
28.41285,0.016666,7.916741,105.1341,-0.5024304,9.305891,-0.9973044,7.416,0.3379801,0,12,0,0,0,0,8.75,-0.01985023,-0.1097045,-0.9973044,764.9797,3,1,1
28.42951,0.016666,7.986074,105.133,-0.502413,9.309267,-0.9947168,7.487999,0.3379801,0,12,0,0,0,0,8.75,-0.02062827,-0.1128022,-0.9947168,765.0817,3,1,1
28.44617,0.016666,8.055433,105.1318,-0.5023917,9.312644,-0.9917952,7.524,0.3379801,0,12,0,0,0,0,8.75,-0.02133246,-0.1159207,-0.9917952,765.1669,3,1,1
28.46283,0.016666,8.124817,105.1307,-0.5023669,9.316021,-0.9885521,7.56,0.3379801,0,12,0,0,0,0,8.75,-0.02195447,-0.1190144,-0.9885521,765.2427,3,1,1
28.47949,0.016666,8.194226,105.1296,-0.5023391,9.319395,-0.9849994,7.596,0.3379801,0,12,0,0,0,0,8.75,-0.02248598,-0.1220406,-0.9849994,765.3137,3,1,1
28.49615,0.016666,8.263661,105.1285,-0.502309,9.322765,-0.9811476,7.596,0.3379801,0,12,0,0,0,0,8.75,-0.02291969,-0.1249601,-0.9811476,765.3828,3,1,1
28.51281,0.016666,8.333121,105.1274,-0.5022771,9.326134,-0.9770073,7.596,0.3379801,0,12,0,0,0,0,8.75,-0.02325032,-0.1277375,-0.9770073,765.4515,3,1,1
28.52947,0.016666,8.402607,105.1264,-0.5022441,9.329497,-0.9725878,7.596,0.3379801,0,12,0,0,0,0,8.75,-0.02347505,-0.1303411,-0.9725878,765.5209,3,1,1
28.54613,0.016666,-0.3759351,105.2345,-0.5033347,11.49631,0.2655764,-11.304,0.3379801,50.60222,11,0,0,0,0,8.75,0.03525652,-1.063104,0.2655764,719.2709,3,1,1
28.56279,0.016666,-0.2906672,105.2345,-0.5031743,11.39081,0.2532511,-11.376,0.3379801,50.60222,11,0,0,0,0,8.75,0.03481809,-1.036635,0.2532511,716.8287,3,1,1
28.57945,0.016666,-0.2061766,105.2346,-0.503023,11.28891,0.2409056,-11.376,0.2705907,47.55014,11,0,0,0,0,8.75,0.03434172,-1.011161,0.2409056,713.5662,3,1,1
28.59611,0.016666,-0.1224345,105.2346,-0.5028814,11.1889,0.2285393,-11.376,0.2705907,47.55014,11,0,0,0,0,8.75,0.03385061,-0.986533,0.2285393,710.2002,3,1,1
28.61277,0.016666,-0.03943777,105.2346,-0.5027515,11.0889,0.2161555,-11.304,0.2705907,47.55014,11,0,0,0,0,8.75,0.03335218,-0.9630684,0.2161555,707.0113,3,1,1
28.62943,0.016666,0.04281338,105.2346,-0.5026346,10.98886,0.2037559,-11.16,0.2705907,47.55014,11,0,0,0,0,8.75,0.03285357,-0.9411059,0.2037559,704.007,3,1,1
28.64609,0.016666,0.1243188,105.2346,-0.5025318,10.88878,0.19134,-10.944,0.2705907,47.55014,11,0,0,0,0,8.75,0.03236294,-0.9209452,0.19134,701.1801,3,1,1
28.66275,0.016666,0.2050782,105.2345,-0.5024446,10.78868,0.1789064,-10.728,0.2705907,47.55014,11,0,0,0,0,8.75,0.03188835,-0.9028314,0.1789064,698.5156,3,1,1
28.67941,0.016666,0.2851121,105.2344,-0.5023724,10.69655,0.1664478,-10.512,0.3379801,40.88074,11,0,0,0,0,8.75,0.03145289,-0.8865066,0.1664478,696.903,3,1,1
28.69607,0.016666,0.3644837,105.2343,-0.5023127,10.6085,0.1539487,-10.224,0.3379801,40.88074,11,0,0,0,0,8.75,0.031097,-0.8710461,0.1539487,695.6431,3,1,1
28.71273,0.016666,0.4431995,105.2342,-0.502266,10.52051,0.1414078,-9.972,0.3379801,40.88074,11,0,0,0,0,8.75,0.0308098,-0.8565729,0.1414078,694.424,3,1,1
28.72939,0.016666,0.5212596,105.2341,-0.5022312,10.43253,0.1288265,-9.792,0.3379801,40.88074,11,0,0,0,0,8.75,0.03056692,-0.8432986,0.1288265,693.2035,3,1,1
28.74605,0.016666,0.5986641,105.2339,-0.5022081,10.34455,0.1162082,-9.612,0.3379801,40.88074,11,0,0,0,0,8.75,0.03033767,-0.831404,0.1162082,691.9574,3,1,1
28.76271,0.016666,0.675413,105.2337,-0.5021964,10.25658,0.1035588,-9.467999,0.3379801,40.88074,11,0,0,0,0,8.75,0.03008797,-0.8210143,0.1035588,690.6746,3,1,1
28.77937,0.016666,0.7515374,105.2335,-0.5021949,10.18079,0.09088121,-9.36,0.3379801,32.40269,11,0,0,0,0,8.75,0.02980443,-0.8115261,0.09088121,689.5035,3,1,1
28.79603,0.016666,0.8271351,105.2333,-0.5022008,10.11143,0.07817118,-9.287999,0.3379801,32.40269,11,0,0,0,0,8.75,0.0295026,-0.8013815,0.07817118,688.7691,3,1,1
28.81269,0.016666,0.9022165,105.233,-0.5022134,10.04218,0.06544379,-9.216,0.3379801,32.40269,11,0,0,0,0,8.75,0.02914325,-0.7906433,0.06544379,688.5976,3,1,1
28.82935,0.016666,0.9767815,105.2328,-0.5022311,9.972871,0.05271662,-9.144,0.3379801,32.40269,11,0,0,0,0,8.75,0.02868516,-0.7795496,0.05271662,689.0256,3,1,1
